variant_id,product_id,sku,color,size
1,1,BH-0001-BLA-S-0001,Black,S
2,2,BH-0002-NAV-L-0002,Navy,L
3,3,BH-0003-GRE-M-0003,Grey,M
4,4,BH-0004-WHI-38-0004,White,38
5,5,BH-0005-WHI-XXL-0005,White,XXL
6,6,BH-0006-BLA-XL-0006,Black,XL
7,7,BH-0007-WHI-Free Size-0007,White,Free Size
8,8,BH-0008-NAV-M-0008,Navy,M
9,9,BH-0009-BEI-Free Size-0009,Beige,Free Size
10,10,BH-0010-CRE-30-0010,Cream,30
11,11,BH-0011-NAV-XL-0011,Navy,XL
12,12,BH-0012-MAR-XL-0012,Maroon,XL
13,13,BH-0013-BLA-32-0013,Black,32
14,14,BH-0014-CRE-M-0014,Cream,M
15,15,BH-0015-RED-Free Size-0015,Red,Free Size
16,16,BH-0016-GRE-L-0016,Grey,L
17,17,BH-0017-RED-Free Size-0017,Red,Free Size
18,18,BH-0018-WHI-S-0018,White,S
19,19,BH-0019-WHI-Free Size-0019,White,Free Size
20,20,BH-0020-RED-L-0020,Red,L
21,21,BH-0021-BLU-XXL-0021,Blue,XXL
22,22,BH-0022-CRE-S-0022,Cream,S
23,23,BH-0023-BEI-XL-0023,Beige,XL
24,24,BH-0024-GRE-28-0024,Green,28
25,25,BH-0025-BEI-S-0025,Beige,S
26,26,BH-0026-PIN-32-0026,Pink,32
27,27,BH-0027-MAR-L-0027,Maroon,L
28,28,BH-0028-CRE-M-0028,Cream,M
29,29,BH-0029-BLA-S-0029,Black,S
30,30,BH-0030-BLU-M-0030,Blue,M
31,31,BH-0031-NAV-S-0031,Navy,S
32,32,BH-0032-GRE-S-0032,Green,S
33,33,BH-0033-BRO-L-0033,Brown,L
34,34,BH-0034-GRE-L-0034,Grey,L
35,35,BH-0035-RED-L-0035,Red,L
36,36,BH-0036-PIN-M-0036,Pink,M
37,37,BH-0037-CRE-L-0037,Cream,L
38,38,BH-0038-MAR-S-0038,Maroon,S
39,39,BH-0039-BEI-M-0039,Beige,M
40,40,BH-0040-GRE-M-0040,Grey,M
41,41,BH-0041-GRE-Free Size-0041,Green,Free Size
42,42,BH-0042-PIN-32-0042,Pink,32
43,43,BH-0043-PIN-Free Size-0043,Pink,Free Size
44,44,BH-0044-BLA-L-0044,Black,L
45,45,BH-0045-BLA-Free Size-0045,Black,Free Size
46,46,BH-0046-GRE-Free Size-0046,Green,Free Size
47,47,BH-0047-WHI-L-0047,White,L
48,48,BH-0048-MAR-M-0048,Maroon,M
49,49,BH-0049-NAV-L-0049,Navy,L
50,50,BH-0050-GRE-Free Size-0050,Green,Free Size
51,51,BH-0051-GRE-Free Size-0051,Grey,Free Size
52,52,BH-0052-GRE-L-0052,Grey,L
53,53,BH-0053-CRE-30-0053,Cream,30
54,54,BH-0054-BEI-XXL-0054,Beige,XXL
55,55,BH-0055-CRE-32-0055,Cream,32
56,56,BH-0056-MAR-XL-0056,Maroon,XL
57,57,BH-0057-RED-34-0057,Red,34
58,58,BH-0058-GRE-M-0058,Grey,M
59,59,BH-0059-BRO-XXL-0059,Brown,XXL
60,60,BH-0060-BLA-28-0060,Black,28
61,61,BH-0061-GRE-S-0061,Grey,S
62,62,BH-0062-PIN-M-0062,Pink,M
63,63,BH-0063-MAR-XL-0063,Maroon,XL
64,64,BH-0064-GRE-28-0064,Green,28
65,65,BH-0065-MAR-XL-0065,Maroon,XL
66,66,BH-0066-BEI-34-0066,Beige,34
67,67,BH-0067-BEI-L-0067,Beige,L
68,68,BH-0068-PIN-S-0068,Pink,S
69,69,BH-0069-PIN-Free Size-0069,Pink,Free Size
70,70,BH-0070-PIN-Free Size-0070,Pink,Free Size
71,71,BH-0071-WHI-L-0071,White,L
72,72,BH-0072-GRE-Free Size-0072,Green,Free Size
73,73,BH-0073-BRO-M-0073,Brown,M
74,74,BH-0074-CRE-28-0074,Cream,28
75,75,BH-0075-BEI-L-0075,Beige,L
76,76,BH-0076-BEI-M-0076,Beige,M
77,77,BH-0077-PIN-S-0077,Pink,S
78,78,BH-0078-PIN-L-0078,Pink,L
79,79,BH-0079-MAR-36-0079,Maroon,36
80,80,BH-0080-GRE-30-0080,Grey,30
81,81,BH-0081-GRE-L-0081,Grey,L
82,82,BH-0082-MAR-S-0082,Maroon,S
83,83,BH-0083-BRO-L-0083,Brown,L
84,84,BH-0084-WHI-S-0084,White,S
85,85,BH-0085-BLU-L-0085,Blue,L
86,86,BH-0086-BLA-M-0086,Black,M
87,87,BH-0087-MAR-M-0087,Maroon,M
88,88,BH-0088-WHI-S-0088,White,S
89,89,BH-0089-WHI-XL-0089,White,XL
90,90,BH-0090-GRE-XXL-0090,Grey,XXL
91,91,BH-0091-PIN-M-0091,Pink,M
92,92,BH-0092-BEI-XL-0092,Beige,XL
93,93,BH-0093-BLU-30-0093,Blue,30
94,94,BH-0094-MAR-36-0094,Maroon,36
95,95,BH-0095-NAV-Free Size-0095,Navy,Free Size
96,96,BH-0096-CRE-Free Size-0096,Cream,Free Size
97,97,BH-0097-GRE-Free Size-0097,Green,Free Size
98,98,BH-0098-BRO-L-0098,Brown,L
99,99,BH-0099-BRO-36-0099,Brown,36
100,100,BH-0100-NAV-Free Size-0100,Navy,Free Size
101,101,BH-0101-WHI-M-0101,White,M
102,102,BH-0102-BLA-L-0102,Black,L
103,103,BH-0103-BEI-XXL-0103,Beige,XXL
104,104,BH-0104-MAR-M-0104,Maroon,M
105,105,BH-0105-BLA-M-0105,Black,M
106,106,BH-0106-CRE-S-0106,Cream,S
107,107,BH-0107-NAV-S-0107,Navy,S
108,108,BH-0108-BLA-Free Size-0108,Black,Free Size
109,109,BH-0109-WHI-L-0109,White,L
110,110,BH-0110-BLU-Free Size-0110,Blue,Free Size
111,111,BH-0111-BRO-38-0111,Brown,38
112,112,BH-0112-BEI-M-0112,Beige,M
113,113,BH-0113-CRE-M-0113,Cream,M
114,114,BH-0114-NAV-Free Size-0114,Navy,Free Size
115,115,BH-0115-GRE-34-0115,Green,34
116,116,BH-0116-WHI-M-0116,White,M
117,117,BH-0117-PIN-S-0117,Pink,S
118,118,BH-0118-RED-XL-0118,Red,XL
119,119,BH-0119-GRE-XL-0119,Green,XL
120,120,BH-0120-CRE-XL-0120,Cream,XL
121,121,BH-0121-PIN-S-0121,Pink,S
122,122,BH-0122-BLA-S-0122,Black,S
123,123,BH-0123-CRE-XL-0123,Cream,XL
124,124,BH-0124-WHI-32-0124,White,32
125,125,BH-0125-NAV-M-0125,Navy,M
126,126,BH-0126-BEI-M-0126,Beige,M
127,127,BH-0127-GRE-XL-0127,Grey,XL
128,128,BH-0128-GRE-34-0128,Grey,34
129,129,BH-0129-BRO-L-0129,Brown,L
130,130,BH-0130-WHI-M-0130,White,M
131,131,BH-0131-BEI-XL-0131,Beige,XL
132,132,BH-0132-BLA-28-0132,Black,28
133,133,BH-0133-WHI-S-0133,White,S
134,134,BH-0134-GRE-M-0134,Grey,M
135,135,BH-0135-BRO-XL-0135,Brown,XL
136,136,BH-0136-NAV-XL-0136,Navy,XL
137,137,BH-0137-BLA-Free Size-0137,Black,Free Size
138,138,BH-0138-GRE-M-0138,Green,M
139,139,BH-0139-GRE-S-0139,Green,S
140,140,BH-0140-BRO-L-0140,Brown,L
141,141,BH-0141-GRE-L-0141,Green,L
142,142,BH-0142-CRE-38-0142,Cream,38
143,143,BH-0143-GRE-Free Size-0143,Grey,Free Size
144,144,BH-0144-BLU-M-0144,Blue,M
145,145,BH-0145-BLA-M-0145,Black,M
146,146,BH-0146-CRE-36-0146,Cream,36
147,147,BH-0147-BLA-XXL-0147,Black,XXL
148,148,BH-0148-BLA-L-0148,Black,L
149,149,BH-0149-MAR-28-0149,Maroon,28
150,150,BH-0150-BEI-XL-0150,Beige,XL
151,151,BH-0151-GRE-36-0151,Grey,36
152,152,BH-0152-BEI-Free Size-0152,Beige,Free Size
153,153,BH-0153-GRE-S-0153,Grey,S
154,154,BH-0154-MAR-S-0154,Maroon,S
155,155,BH-0155-PIN-28-0155,Pink,28
156,156,BH-0156-GRE-M-0156,Green,M
157,157,BH-0157-MAR-S-0157,Maroon,S
158,158,BH-0158-MAR-M-0158,Maroon,M
159,159,BH-0159-MAR-S-0159,Maroon,S
160,160,BH-0160-GRE-S-0160,Green,S
161,161,BH-0161-BLU-Free Size-0161,Blue,Free Size
162,162,BH-0162-PIN-M-0162,Pink,M
163,163,BH-0163-RED-38-0163,Red,38
164,164,BH-0164-BLU-M-0164,Blue,M
165,165,BH-0165-GRE-34-0165,Grey,34
166,166,BH-0166-BRO-L-0166,Brown,L
167,167,BH-0167-WHI-L-0167,White,L
168,168,BH-0168-BRO-S-0168,Brown,S
169,169,BH-0169-MAR-XXL-0169,Maroon,XXL
170,170,BH-0170-WHI-S-0170,White,S
171,171,BH-0171-BEI-M-0171,Beige,M
172,172,BH-0172-GRE-L-0172,Grey,L
173,173,BH-0173-WHI-32-0173,White,32
174,174,BH-0174-RED-M-0174,Red,M
175,175,BH-0175-GRE-L-0175,Grey,L
176,176,BH-0176-BEI-XL-0176,Beige,XL
177,177,BH-0177-MAR-L-0177,Maroon,L
178,178,BH-0178-BLA-XXL-0178,Black,XXL
179,179,BH-0179-BEI-38-0179,Beige,38
180,180,BH-0180-PIN-L-0180,Pink,L
181,181,BH-0181-GRE-S-0181,Grey,S
182,182,BH-0182-WHI-L-0182,White,L
183,183,BH-0183-CRE-S-0183,Cream,S
184,184,BH-0184-GRE-36-0184,Grey,36
185,185,BH-0185-BLU-L-0185,Blue,L
186,186,BH-0186-CRE-M-0186,Cream,M
187,187,BH-0187-NAV-32-0187,Navy,32
188,188,BH-0188-BEI-L-0188,Beige,L
189,189,BH-0189-BLU-XL-0189,Blue,XL
190,190,BH-0190-WHI-S-0190,White,S
191,191,BH-0191-BLU-XL-0191,Blue,XL
192,192,BH-0192-BLA-S-0192,Black,S
193,193,BH-0193-GRE-L-0193,Grey,L
194,194,BH-0194-GRE-L-0194,Grey,L
195,195,BH-0195-BEI-XL-0195,Beige,XL
196,196,BH-0196-BEI-XL-0196,Beige,XL
197,197,BH-0197-WHI-S-0197,White,S
198,198,BH-0198-CRE-S-0198,Cream,S
199,199,BH-0199-BEI-M-0199,Beige,M
200,200,BH-0200-RED-S-0200,Red,S
201,201,BH-0201-GRE-M-0201,Green,M
202,202,BH-0202-BLA-M-0202,Black,M
203,203,BH-0203-RED-L-0203,Red,L
204,204,BH-0204-RED-S-0204,Red,S
205,205,BH-0205-PIN-M-0205,Pink,M
206,206,BH-0206-PIN-M-0206,Pink,M
207,207,BH-0207-RED-S-0207,Red,S
208,208,BH-0208-MAR-XL-0208,Maroon,XL
209,209,BH-0209-GRE-38-0209,Grey,38
210,210,BH-0210-GRE-M-0210,Grey,M
211,211,BH-0211-GRE-M-0211,Green,M
212,212,BH-0212-GRE-S-0212,Grey,S
213,213,BH-0213-GRE-Free Size-0213,Green,Free Size
214,214,BH-0214-BLU-M-0214,Blue,M
215,215,BH-0215-CRE-M-0215,Cream,M
216,216,BH-0216-GRE-Free Size-0216,Green,Free Size
217,217,BH-0217-BRO-S-0217,Brown,S
218,218,BH-0218-NAV-M-0218,Navy,M
219,219,BH-0219-RED-XL-0219,Red,XL
220,220,BH-0220-NAV-L-0220,Navy,L
221,221,BH-0221-BLA-M-0221,Black,M
222,222,BH-0222-GRE-Free Size-0222,Green,Free Size
223,223,BH-0223-BLU-32-0223,Blue,32
224,224,BH-0224-BLU-28-0224,Blue,28
225,225,BH-0225-PIN-L-0225,Pink,L
226,226,BH-0226-GRE-36-0226,Green,36
227,227,BH-0227-RED-XXL-0227,Red,XXL
228,228,BH-0228-WHI-S-0228,White,S
229,229,BH-0229-GRE-L-0229,Grey,L
230,230,BH-0230-BLU-36-0230,Blue,36
231,231,BH-0231-WHI-S-0231,White,S
232,232,BH-0232-RED-XL-0232,Red,XL
233,233,BH-0233-GRE-L-0233,Green,L
234,234,BH-0234-BEI-XXL-0234,Beige,XXL
235,235,BH-0235-GRE-S-0235,Green,S
236,236,BH-0236-NAV-XXL-0236,Navy,XXL
237,237,BH-0237-BLA-32-0237,Black,32
238,238,BH-0238-GRE-38-0238,Green,38
239,239,BH-0239-BEI-S-0239,Beige,S
240,240,BH-0240-PIN-XXL-0240,Pink,XXL
241,241,BH-0241-RED-M-0241,Red,M
242,242,BH-0242-WHI-34-0242,White,34
243,243,BH-0243-MAR-L-0243,Maroon,L
244,244,BH-0244-PIN-L-0244,Pink,L
245,245,BH-0245-CRE-28-0245,Cream,28
246,246,BH-0246-BEI-L-0246,Beige,L
247,247,BH-0247-PIN-L-0247,Pink,L
248,248,BH-0248-RED-34-0248,Red,34
249,249,BH-0249-CRE-XL-0249,Cream,XL
250,250,BH-0250-BEI-L-0250,Beige,L
251,251,BH-0251-NAV-M-0251,Navy,M
252,252,BH-0252-PIN-XL-0252,Pink,XL
253,253,BH-0253-PIN-XL-0253,Pink,XL
254,254,BH-0254-MAR-Free Size-0254,Maroon,Free Size
255,255,BH-0255-BLU-36-0255,Blue,36
256,256,BH-0256-BEI-XL-0256,Beige,XL
257,257,BH-0257-BLU-S-0257,Blue,S
258,258,BH-0258-NAV-L-0258,Navy,L
259,259,BH-0259-MAR-XL-0259,Maroon,XL
260,260,BH-0260-PIN-XXL-0260,Pink,XXL
261,261,BH-0261-BRO-Free Size-0261,Brown,Free Size
262,262,BH-0262-BRO-XL-0262,Brown,XL
263,263,BH-0263-NAV-38-0263,Navy,38
264,264,BH-0264-BRO-XXL-0264,Brown,XXL
265,265,BH-0265-GRE-38-0265,Grey,38
266,266,BH-0266-BLU-Free Size-0266,Blue,Free Size
267,267,BH-0267-WHI-L-0267,White,L
268,268,BH-0268-PIN-Free Size-0268,Pink,Free Size
269,269,BH-0269-NAV-L-0269,Navy,L
270,270,BH-0270-GRE-M-0270,Grey,M
271,271,BH-0271-BLA-S-0271,Black,S
272,272,BH-0272-BRO-30-0272,Brown,30
273,273,BH-0273-WHI-36-0273,White,36
274,274,BH-0274-GRE-Free Size-0274,Green,Free Size
275,275,BH-0275-MAR-38-0275,Maroon,38
276,276,BH-0276-CRE-M-0276,Cream,M
277,277,BH-0277-BRO-XL-0277,Brown,XL
278,278,BH-0278-NAV-XL-0278,Navy,XL
279,279,BH-0279-PIN-30-0279,Pink,30
280,280,BH-0280-BLA-38-0280,Black,38
281,281,BH-0281-GRE-S-0281,Green,S
282,282,BH-0282-GRE-M-0282,Grey,M
283,283,BH-0283-BEI-38-0283,Beige,38
284,284,BH-0284-BLA-XL-0284,Black,XL
285,285,BH-0285-NAV-XXL-0285,Navy,XXL
286,286,BH-0286-BRO-S-0286,Brown,S
287,287,BH-0287-BRO-M-0287,Brown,M
288,288,BH-0288-BEI-XXL-0288,Beige,XXL
289,289,BH-0289-BRO-L-0289,Brown,L
290,290,BH-0290-CRE-XXL-0290,Cream,XXL
291,291,BH-0291-GRE-36-0291,Green,36
292,292,BH-0292-GRE-XL-0292,Grey,XL
293,293,BH-0293-BRO-XL-0293,Brown,XL
294,294,BH-0294-NAV-L-0294,Navy,L
295,295,BH-0295-BEI-L-0295,Beige,L
296,296,BH-0296-PIN-XL-0296,Pink,XL
297,297,BH-0297-BLU-M-0297,Blue,M
298,298,BH-0298-WHI-XL-0298,White,XL
299,299,BH-0299-NAV-L-0299,Navy,L
300,300,BH-0300-RED-32-0300,Red,32
301,301,BH-0301-BEI-L-0301,Beige,L
302,302,BH-0302-GRE-S-0302,Grey,S
303,303,BH-0303-NAV-30-0303,Navy,30
304,304,BH-0304-CRE-XL-0304,Cream,XL
305,305,BH-0305-CRE-M-0305,Cream,M
306,306,BH-0306-WHI-M-0306,White,M
307,307,BH-0307-GRE-XL-0307,Green,XL
308,308,BH-0308-BEI-L-0308,Beige,L
309,309,BH-0309-GRE-XL-0309,Green,XL
310,310,BH-0310-NAV-S-0310,Navy,S
311,311,BH-0311-GRE-34-0311,Green,34
312,312,BH-0312-CRE-XXL-0312,Cream,XXL
313,313,BH-0313-MAR-S-0313,Maroon,S
314,314,BH-0314-BRO-XL-0314,Brown,XL
315,315,BH-0315-RED-S-0315,Red,S
316,316,BH-0316-GRE-Free Size-0316,Green,Free Size
317,317,BH-0317-BEI-XL-0317,Beige,XL
318,318,BH-0318-MAR-XXL-0318,Maroon,XXL
319,319,BH-0319-BRO-M-0319,Brown,M
320,320,BH-0320-BLU-M-0320,Blue,M
321,321,BH-0321-BRO-XL-0321,Brown,XL
322,322,BH-0322-GRE-S-0322,Green,S
323,323,BH-0323-PIN-L-0323,Pink,L
324,324,BH-0324-GRE-38-0324,Green,38
325,325,BH-0325-BRO-M-0325,Brown,M
326,326,BH-0326-MAR-30-0326,Maroon,30
327,327,BH-0327-BLA-XXL-0327,Black,XXL
328,328,BH-0328-MAR-34-0328,Maroon,34
329,329,BH-0329-PIN-XXL-0329,Pink,XXL
330,330,BH-0330-WHI-S-0330,White,S
331,331,BH-0331-GRE-38-0331,Green,38
332,332,BH-0332-BRO-M-0332,Brown,M
333,333,BH-0333-BLA-M-0333,Black,M
334,334,BH-0334-GRE-Free Size-0334,Green,Free Size
335,335,BH-0335-NAV-L-0335,Navy,L
336,336,BH-0336-RED-XL-0336,Red,XL
337,337,BH-0337-GRE-L-0337,Green,L
338,338,BH-0338-GRE-L-0338,Green,L
339,339,BH-0339-WHI-L-0339,White,L
340,340,BH-0340-BLA-XL-0340,Black,XL
341,341,BH-0341-RED-S-0341,Red,S
342,342,BH-0342-PIN-30-0342,Pink,30
343,343,BH-0343-PIN-Free Size-0343,Pink,Free Size
344,344,BH-0344-BLA-S-0344,Black,S
345,345,BH-0345-NAV-M-0345,Navy,M
346,346,BH-0346-MAR-S-0346,Maroon,S
347,347,BH-0347-NAV-M-0347,Navy,M
348,348,BH-0348-BRO-M-0348,Brown,M
349,349,BH-0349-MAR-S-0349,Maroon,S
350,350,BH-0350-BRO-30-0350,Brown,30
351,351,BH-0351-RED-L-0351,Red,L
352,352,BH-0352-MAR-M-0352,Maroon,M
353,353,BH-0353-CRE-XXL-0353,Cream,XXL
354,354,BH-0354-GRE-S-0354,Grey,S
355,355,BH-0355-WHI-32-0355,White,32
356,356,BH-0356-BLU-S-0356,Blue,S
357,357,BH-0357-PIN-36-0357,Pink,36
358,358,BH-0358-GRE-XL-0358,Green,XL
359,359,BH-0359-WHI-M-0359,White,M
360,360,BH-0360-CRE-XXL-0360,Cream,XXL
361,361,BH-0361-WHI-M-0361,White,M
362,362,BH-0362-PIN-L-0362,Pink,L
363,363,BH-0363-MAR-S-0363,Maroon,S
364,364,BH-0364-RED-S-0364,Red,S
365,365,BH-0365-PIN-XL-0365,Pink,XL
366,366,BH-0366-WHI-L-0366,White,L
367,367,BH-0367-PIN-XXL-0367,Pink,XXL
368,368,BH-0368-BLA-L-0368,Black,L
369,369,BH-0369-BRO-XL-0369,Brown,XL
370,370,BH-0370-GRE-S-0370,Green,S
371,371,BH-0371-PIN-L-0371,Pink,L
372,372,BH-0372-CRE-XL-0372,Cream,XL
373,373,BH-0373-GRE-30-0373,Green,30
374,374,BH-0374-CRE-M-0374,Cream,M
375,375,BH-0375-PIN-XXL-0375,Pink,XXL
376,376,BH-0376-MAR-L-0376,Maroon,L
377,377,BH-0377-BRO-36-0377,Brown,36
378,378,BH-0378-GRE-XL-0378,Green,XL
379,379,BH-0379-BLU-XXL-0379,Blue,XXL
380,380,BH-0380-NAV-32-0380,Navy,32
381,381,BH-0381-BLU-S-0381,Blue,S
382,382,BH-0382-NAV-34-0382,Navy,34
383,383,BH-0383-MAR-XL-0383,Maroon,XL
384,384,BH-0384-PIN-XXL-0384,Pink,XXL
385,385,BH-0385-RED-XL-0385,Red,XL
386,386,BH-0386-BRO-S-0386,Brown,S
387,387,BH-0387-GRE-L-0387,Grey,L
388,388,BH-0388-NAV-XL-0388,Navy,XL
389,389,BH-0389-BLU-L-0389,Blue,L
390,390,BH-0390-BLU-L-0390,Blue,L
391,391,BH-0391-BEI-L-0391,Beige,L
392,392,BH-0392-BEI-S-0392,Beige,S
393,393,BH-0393-WHI-M-0393,White,M
394,394,BH-0394-CRE-M-0394,Cream,M
395,395,BH-0395-BRO-XL-0395,Brown,XL
396,396,BH-0396-CRE-M-0396,Cream,M
397,397,BH-0397-PIN-XL-0397,Pink,XL
398,398,BH-0398-BRO-XL-0398,Brown,XL
399,399,BH-0399-WHI-S-0399,White,S
400,400,BH-0400-NAV-L-0400,Navy,L
401,401,BH-0401-CRE-34-0401,Cream,34
402,402,BH-0402-BLU-M-0402,Blue,M
403,403,BH-0403-MAR-38-0403,Maroon,38
404,404,BH-0404-BRO-L-0404,Brown,L
405,405,BH-0405-BEI-XXL-0405,Beige,XXL
406,406,BH-0406-GRE-Free Size-0406,Green,Free Size
407,407,BH-0407-RED-XXL-0407,Red,XXL
408,408,BH-0408-CRE-L-0408,Cream,L
409,409,BH-0409-BLU-XL-0409,Blue,XL
410,410,BH-0410-BLU-L-0410,Blue,L
411,411,BH-0411-WHI-M-0411,White,M
412,412,BH-0412-RED-Free Size-0412,Red,Free Size
413,413,BH-0413-CRE-S-0413,Cream,S
414,414,BH-0414-CRE-XXL-0414,Cream,XXL
415,415,BH-0415-NAV-30-0415,Navy,30
416,416,BH-0416-CRE-M-0416,Cream,M
417,417,BH-0417-BLU-XL-0417,Blue,XL
418,418,BH-0418-WHI-L-0418,White,L
419,419,BH-0419-BLU-M-0419,Blue,M
420,420,BH-0420-RED-30-0420,Red,30
421,421,BH-0421-BLU-30-0421,Blue,30
422,422,BH-0422-CRE-Free Size-0422,Cream,Free Size
423,423,BH-0423-GRE-XXL-0423,Grey,XXL
424,424,BH-0424-BLA-L-0424,Black,L
425,425,BH-0425-BEI-S-0425,Beige,S
426,426,BH-0426-CRE-L-0426,Cream,L
427,427,BH-0427-PIN-M-0427,Pink,M
428,428,BH-0428-WHI-XL-0428,White,XL
429,429,BH-0429-MAR-S-0429,Maroon,S
430,430,BH-0430-BRO-L-0430,Brown,L
431,431,BH-0431-BRO-XL-0431,Brown,XL
432,432,BH-0432-GRE-L-0432,Grey,L
433,433,BH-0433-BLU-S-0433,Blue,S
434,434,BH-0434-WHI-XL-0434,White,XL
435,435,BH-0435-GRE-Free Size-0435,Green,Free Size
436,436,BH-0436-WHI-XL-0436,White,XL
437,437,BH-0437-PIN-XXL-0437,Pink,XXL
438,438,BH-0438-GRE-S-0438,Grey,S
439,439,BH-0439-MAR-M-0439,Maroon,M
440,440,BH-0440-WHI-L-0440,White,L
441,441,BH-0441-WHI-M-0441,White,M
442,442,BH-0442-GRE-XXL-0442,Green,XXL
443,443,BH-0443-BEI-M-0443,Beige,M
444,444,BH-0444-BRO-XL-0444,Brown,XL
445,445,BH-0445-BLU-XL-0445,Blue,XL
446,446,BH-0446-GRE-XXL-0446,Green,XXL
447,447,BH-0447-MAR-L-0447,Maroon,L
448,448,BH-0448-BLA-36-0448,Black,36
449,449,BH-0449-CRE-XXL-0449,Cream,XXL
450,450,BH-0450-NAV-S-0450,Navy,S
451,451,BH-0451-NAV-38-0451,Navy,38
452,452,BH-0452-PIN-L-0452,Pink,L
453,453,BH-0453-GRE-S-0453,Grey,S
454,454,BH-0454-GRE-M-0454,Grey,M
455,455,BH-0455-WHI-XXL-0455,White,XXL
456,456,BH-0456-BLA-M-0456,Black,M
457,457,BH-0457-BRO-XL-0457,Brown,XL
458,458,BH-0458-BLU-Free Size-0458,Blue,Free Size
459,459,BH-0459-NAV-S-0459,Navy,S
460,460,BH-0460-CRE-L-0460,Cream,L
461,461,BH-0461-CRE-L-0461,Cream,L
462,462,BH-0462-WHI-XL-0462,White,XL
463,463,BH-0463-BLU-M-0463,Blue,M
464,464,BH-0464-MAR-38-0464,Maroon,38
465,465,BH-0465-GRE-M-0465,Green,M
466,466,BH-0466-BEI-S-0466,Beige,S
467,467,BH-0467-PIN-M-0467,Pink,M
468,468,BH-0468-BLU-M-0468,Blue,M
469,469,BH-0469-WHI-M-0469,White,M
470,470,BH-0470-GRE-S-0470,Grey,S
471,471,BH-0471-MAR-L-0471,Maroon,L
472,472,BH-0472-BLU-XXL-0472,Blue,XXL
473,473,BH-0473-WHI-XL-0473,White,XL
474,474,BH-0474-CRE-34-0474,Cream,34
475,475,BH-0475-CRE-L-0475,Cream,L
476,476,BH-0476-BLU-XL-0476,Blue,XL
477,477,BH-0477-BEI-XXL-0477,Beige,XXL
478,478,BH-0478-BRO-XL-0478,Brown,XL
479,479,BH-0479-MAR-S-0479,Maroon,S
480,480,BH-0480-GRE-S-0480,Green,S
481,481,BH-0481-MAR-Free Size-0481,Maroon,Free Size
482,482,BH-0482-BLA-L-0482,Black,L
483,483,BH-0483-NAV-S-0483,Navy,S
484,484,BH-0484-MAR-XXL-0484,Maroon,XXL
485,485,BH-0485-PIN-Free Size-0485,Pink,Free Size
486,486,BH-0486-MAR-L-0486,Maroon,L
487,487,BH-0487-GRE-S-0487,Grey,S
488,488,BH-0488-BEI-XL-0488,Beige,XL
489,489,BH-0489-BLU-XL-0489,Blue,XL
490,490,BH-0490-MAR-M-0490,Maroon,M
491,491,BH-0491-PIN-34-0491,Pink,34
492,492,BH-0492-WHI-XL-0492,White,XL
493,493,BH-0493-RED-XL-0493,Red,XL
494,494,BH-0494-RED-Free Size-0494,Red,Free Size
495,495,BH-0495-PIN-L-0495,Pink,L
496,496,BH-0496-GRE-28-0496,Grey,28
497,497,BH-0497-GRE-Free Size-0497,Green,Free Size
498,498,BH-0498-BLU-XL-0498,Blue,XL
499,499,BH-0499-BEI-XL-0499,Beige,XL
500,500,BH-0500-BRO-S-0500,Brown,S
501,1,BH-0001-RED-S-0501,Red,S
502,2,BH-0002-RED-L-0502,Red,L
503,3,BH-0003-GRE-S-0503,Green,S
504,4,BH-0004-BLA-36-0504,Black,36
505,5,BH-0005-BRO-XXL-0505,Brown,XXL
506,6,BH-0006-BLA-XL-0506,Black,XL
507,7,BH-0007-BEI-Free Size-0507,Beige,Free Size
508,8,BH-0008-MAR-L-0508,Maroon,L
509,9,BH-0009-PIN-Free Size-0509,Pink,Free Size
510,10,BH-0010-BLA-34-0510,Black,34
511,11,BH-0011-BLU-M-0511,Blue,M
512,12,BH-0012-GRE-XXL-0512,Grey,XXL
513,13,BH-0013-BRO-32-0513,Brown,32
514,14,BH-0014-WHI-XL-0514,White,XL
515,15,BH-0015-PIN-Free Size-0515,Pink,Free Size
516,16,BH-0016-NAV-XXL-0516,Navy,XXL
517,17,BH-0017-BLU-Free Size-0517,Blue,Free Size
518,18,BH-0018-BLA-XXL-0518,Black,XXL
519,19,BH-0019-WHI-Free Size-0519,White,Free Size
520,20,BH-0020-WHI-M-0520,White,M
521,21,BH-0021-WHI-XL-0521,White,XL
522,22,BH-0022-BRO-M-0522,Brown,M
523,23,BH-0023-BEI-L-0523,Beige,L
524,24,BH-0024-BLU-38-0524,Blue,38
525,25,BH-0025-BRO-XL-0525,Brown,XL
526,26,BH-0026-NAV-34-0526,Navy,34
527,27,BH-0027-BEI-XL-0527,Beige,XL
528,28,BH-0028-GRE-M-0528,Green,M
529,29,BH-0029-MAR-M-0529,Maroon,M
530,30,BH-0030-WHI-M-0530,White,M
531,31,BH-0031-GRE-L-0531,Green,L
532,32,BH-0032-BEI-L-0532,Beige,L
533,33,BH-0033-BLA-L-0533,Black,L
534,34,BH-0034-CRE-L-0534,Cream,L
535,35,BH-0035-MAR-L-0535,Maroon,L
536,36,BH-0036-GRE-XL-0536,Grey,XL
537,37,BH-0037-BEI-XL-0537,Beige,XL
538,38,BH-0038-RED-XL-0538,Red,XL
539,39,BH-0039-BEI-L-0539,Beige,L
540,40,BH-0040-GRE-XXL-0540,Green,XXL
541,41,BH-0041-RED-Free Size-0541,Red,Free Size
542,42,BH-0042-CRE-30-0542,Cream,30
543,43,BH-0043-MAR-Free Size-0543,Maroon,Free Size
544,44,BH-0044-NAV-XL-0544,Navy,XL
545,45,BH-0045-BLA-Free Size-0545,Black,Free Size
546,46,BH-0046-CRE-Free Size-0546,Cream,Free Size
547,47,BH-0047-CRE-XL-0547,Cream,XL
548,48,BH-0048-GRE-XL-0548,Green,XL
549,49,BH-0049-BRO-M-0549,Brown,M
550,50,BH-0050-GRE-Free Size-0550,Grey,Free Size
551,51,BH-0051-WHI-Free Size-0551,White,Free Size
552,52,BH-0052-WHI-XL-0552,White,XL
553,53,BH-0053-BRO-36-0553,Brown,36
554,54,BH-0054-CRE-S-0554,Cream,S
555,55,BH-0055-GRE-30-0555,Green,30
556,56,BH-0056-WHI-M-0556,White,M
557,57,BH-0057-BLU-34-0557,Blue,34
558,58,BH-0058-MAR-L-0558,Maroon,L
559,59,BH-0059-PIN-XL-0559,Pink,XL
560,60,BH-0060-RED-28-0560,Red,28
561,61,BH-0061-GRE-XXL-0561,Green,XXL
562,62,BH-0062-PIN-L-0562,Pink,L
563,63,BH-0063-BEI-XL-0563,Beige,XL
564,64,BH-0064-MAR-28-0564,Maroon,28
565,65,BH-0065-NAV-S-0565,Navy,S
566,66,BH-0066-PIN-38-0566,Pink,38
567,67,BH-0067-NAV-L-0567,Navy,L
568,68,BH-0068-GRE-S-0568,Green,S
569,69,BH-0069-PIN-Free Size-0569,Pink,Free Size
570,70,BH-0070-BRO-Free Size-0570,Brown,Free Size
571,71,BH-0071-CRE-M-0571,Cream,M
572,72,BH-0072-BLA-Free Size-0572,Black,Free Size
573,73,BH-0073-RED-S-0573,Red,S
574,74,BH-0074-BLU-28-0574,Blue,28
575,75,BH-0075-RED-L-0575,Red,L
576,76,BH-0076-GRE-XL-0576,Grey,XL
577,77,BH-0077-BEI-M-0577,Beige,M
578,78,BH-0078-MAR-XL-0578,Maroon,XL
579,79,BH-0079-GRE-38-0579,Grey,38
580,80,BH-0080-GRE-30-0580,Grey,30
581,81,BH-0081-MAR-S-0581,Maroon,S
582,82,BH-0082-MAR-XL-0582,Maroon,XL
583,83,BH-0083-BRO-M-0583,Brown,M
584,84,BH-0084-GRE-XXL-0584,Grey,XXL
585,85,BH-0085-BRO-M-0585,Brown,M
586,86,BH-0086-BRO-L-0586,Brown,L
587,87,BH-0087-PIN-L-0587,Pink,L
588,88,BH-0088-BRO-S-0588,Brown,S
589,89,BH-0089-PIN-L-0589,Pink,L
590,90,BH-0090-GRE-XXL-0590,Grey,XXL
591,91,BH-0091-BRO-S-0591,Brown,S
592,92,BH-0092-MAR-L-0592,Maroon,L
593,93,BH-0093-PIN-32-0593,Pink,32
594,94,BH-0094-CRE-34-0594,Cream,34
595,95,BH-0095-BRO-Free Size-0595,Brown,Free Size
596,96,BH-0096-NAV-Free Size-0596,Navy,Free Size
597,97,BH-0097-BRO-Free Size-0597,Brown,Free Size
598,98,BH-0098-NAV-S-0598,Navy,S
599,99,BH-0099-MAR-34-0599,Maroon,34
600,100,BH-0100-MAR-Free Size-0600,Maroon,Free Size
601,101,BH-0101-CRE-L-0601,Cream,L
602,102,BH-0102-BLA-L-0602,Black,L
603,103,BH-0103-BLU-XL-0603,Blue,XL
604,104,BH-0104-MAR-S-0604,Maroon,S
605,105,BH-0105-MAR-S-0605,Maroon,S
606,106,BH-0106-BLU-XL-0606,Blue,XL
607,107,BH-0107-MAR-M-0607,Maroon,M
608,108,BH-0108-NAV-Free Size-0608,Navy,Free Size
609,109,BH-0109-MAR-M-0609,Maroon,M
610,110,BH-0110-PIN-Free Size-0610,Pink,Free Size
611,111,BH-0111-PIN-38-0611,Pink,38
612,112,BH-0112-PIN-M-0612,Pink,M
613,113,BH-0113-PIN-S-0613,Pink,S
614,114,BH-0114-BLU-Free Size-0614,Blue,Free Size
615,115,BH-0115-BLA-34-0615,Black,34
616,116,BH-0116-RED-XXL-0616,Red,XXL
617,117,BH-0117-WHI-M-0617,White,M
618,118,BH-0118-RED-L-0618,Red,L
619,119,BH-0119-GRE-XL-0619,Grey,XL
620,120,BH-0120-GRE-M-0620,Grey,M
621,121,BH-0121-BEI-L-0621,Beige,L
622,122,BH-0122-BLU-XXL-0622,Blue,XXL
623,123,BH-0123-BLU-M-0623,Blue,M
624,124,BH-0124-BLU-34-0624,Blue,34
625,125,BH-0125-WHI-L-0625,White,L
626,126,BH-0126-WHI-XL-0626,White,XL
627,127,BH-0127-NAV-M-0627,Navy,M
628,128,BH-0128-CRE-38-0628,Cream,38
629,129,BH-0129-BEI-XL-0629,Beige,XL
630,130,BH-0130-WHI-L-0630,White,L
631,131,BH-0131-BLA-XL-0631,Black,XL
632,132,BH-0132-BEI-32-0632,Beige,32
633,133,BH-0133-BRO-S-0633,Brown,S
634,134,BH-0134-PIN-L-0634,Pink,L
635,135,BH-0135-MAR-L-0635,Maroon,L
636,136,BH-0136-PIN-XL-0636,Pink,XL
637,137,BH-0137-WHI-Free Size-0637,White,Free Size
638,138,BH-0138-BRO-M-0638,Brown,M
639,139,BH-0139-MAR-S-0639,Maroon,S
640,140,BH-0140-RED-XXL-0640,Red,XXL
641,141,BH-0141-PIN-M-0641,Pink,M
642,142,BH-0142-PIN-28-0642,Pink,28
643,143,BH-0143-CRE-Free Size-0643,Cream,Free Size
644,144,BH-0144-PIN-L-0644,Pink,L
645,145,BH-0145-WHI-XL-0645,White,XL
646,146,BH-0146-BLA-30-0646,Black,30
647,147,BH-0147-BLU-S-0647,Blue,S
648,148,BH-0148-WHI-XL-0648,White,XL
649,149,BH-0149-NAV-28-0649,Navy,28
650,150,BH-0150-GRE-XXL-0650,Grey,XXL
651,151,BH-0151-BRO-34-0651,Brown,34
652,152,BH-0152-PIN-Free Size-0652,Pink,Free Size
653,153,BH-0153-GRE-XXL-0653,Green,XXL
654,154,BH-0154-GRE-M-0654,Green,M
655,155,BH-0155-WHI-38-0655,White,38
656,156,BH-0156-MAR-XL-0656,Maroon,XL
657,157,BH-0157-BLU-XL-0657,Blue,XL
658,158,BH-0158-CRE-S-0658,Cream,S
659,159,BH-0159-NAV-L-0659,Navy,L
660,160,BH-0160-BRO-XL-0660,Brown,XL
661,161,BH-0161-RED-Free Size-0661,Red,Free Size
662,162,BH-0162-PIN-S-0662,Pink,S
663,163,BH-0163-BEI-32-0663,Beige,32
664,164,BH-0164-BLA-L-0664,Black,L
665,165,BH-0165-BLU-34-0665,Blue,34
666,166,BH-0166-WHI-M-0666,White,M
667,167,BH-0167-WHI-XL-0667,White,XL
668,168,BH-0168-PIN-M-0668,Pink,M
669,169,BH-0169-BLA-XXL-0669,Black,XXL
670,170,BH-0170-RED-S-0670,Red,S
671,171,BH-0171-GRE-M-0671,Grey,M
672,172,BH-0172-NAV-XXL-0672,Navy,XXL
673,173,BH-0173-BEI-28-0673,Beige,28
674,174,BH-0174-MAR-M-0674,Maroon,M
675,175,BH-0175-NAV-M-0675,Navy,M
676,176,BH-0176-GRE-L-0676,Grey,L
677,177,BH-0177-BLA-XXL-0677,Black,XXL
678,178,BH-0178-GRE-L-0678,Grey,L
679,179,BH-0179-BEI-30-0679,Beige,30
680,180,BH-0180-GRE-L-0680,Grey,L
681,181,BH-0181-PIN-S-0681,Pink,S
682,182,BH-0182-GRE-S-0682,Grey,S
683,183,BH-0183-RED-S-0683,Red,S
684,184,BH-0184-MAR-30-0684,Maroon,30
685,185,BH-0185-BLA-L-0685,Black,L
686,186,BH-0186-BLU-M-0686,Blue,M
687,187,BH-0187-GRE-28-0687,Grey,28
688,188,BH-0188-BEI-XL-0688,Beige,XL
689,189,BH-0189-CRE-S-0689,Cream,S
690,190,BH-0190-BRO-S-0690,Brown,S
691,191,BH-0191-RED-XL-0691,Red,XL
692,192,BH-0192-MAR-XXL-0692,Maroon,XXL
693,193,BH-0193-BRO-S-0693,Brown,S
694,194,BH-0194-NAV-XXL-0694,Navy,XXL
695,195,BH-0195-BLA-XXL-0695,Black,XXL
696,196,BH-0196-BLU-XXL-0696,Blue,XXL
697,197,BH-0197-PIN-XL-0697,Pink,XL
698,198,BH-0198-BLA-S-0698,Black,S
699,199,BH-0199-GRE-XL-0699,Green,XL
700,200,BH-0200-PIN-XL-0700,Pink,XL
701,201,BH-0201-BRO-S-0701,Brown,S
702,202,BH-0202-WHI-XL-0702,White,XL
703,203,BH-0203-RED-S-0703,Red,S
704,204,BH-0204-GRE-XXL-0704,Grey,XXL
705,205,BH-0205-GRE-S-0705,Grey,S
706,206,BH-0206-MAR-L-0706,Maroon,L
707,207,BH-0207-BEI-XXL-0707,Beige,XXL
708,208,BH-0208-GRE-L-0708,Green,L
709,209,BH-0209-BEI-36-0709,Beige,36
710,210,BH-0210-BRO-L-0710,Brown,L
711,211,BH-0211-WHI-XL-0711,White,XL
712,212,BH-0212-PIN-S-0712,Pink,S
713,213,BH-0213-GRE-Free Size-0713,Green,Free Size
714,214,BH-0214-NAV-XL-0714,Navy,XL
715,215,BH-0215-RED-XL-0715,Red,XL
716,216,BH-0216-GRE-Free Size-0716,Green,Free Size
717,217,BH-0217-CRE-XL-0717,Cream,XL
718,218,BH-0218-RED-S-0718,Red,S
719,219,BH-0219-RED-XL-0719,Red,XL
720,220,BH-0220-RED-L-0720,Red,L
721,221,BH-0221-PIN-M-0721,Pink,M
722,222,BH-0222-WHI-Free Size-0722,White,Free Size
723,223,BH-0223-WHI-28-0723,White,28
724,224,BH-0224-GRE-28-0724,Green,28
725,225,BH-0225-CRE-S-0725,Cream,S
726,226,BH-0226-RED-38-0726,Red,38
727,227,BH-0227-BEI-M-0727,Beige,M
728,228,BH-0228-MAR-S-0728,Maroon,S
729,229,BH-0229-BEI-XXL-0729,Beige,XXL
730,230,BH-0230-PIN-32-0730,Pink,32
731,231,BH-0231-GRE-S-0731,Green,S
732,232,BH-0232-PIN-L-0732,Pink,L
733,233,BH-0233-CRE-XL-0733,Cream,XL
734,234,BH-0234-BLU-S-0734,Blue,S
735,235,BH-0235-RED-L-0735,Red,L
736,236,BH-0236-MAR-S-0736,Maroon,S
737,237,BH-0237-NAV-36-0737,Navy,36
738,238,BH-0238-PIN-30-0738,Pink,30
739,239,BH-0239-NAV-XL-0739,Navy,XL
740,240,BH-0240-RED-S-0740,Red,S
741,241,BH-0241-RED-XXL-0741,Red,XXL
742,242,BH-0242-BLU-28-0742,Blue,28
743,243,BH-0243-GRE-M-0743,Green,M
744,244,BH-0244-MAR-S-0744,Maroon,S
745,245,BH-0245-CRE-38-0745,Cream,38
746,246,BH-0246-BLA-L-0746,Black,L
747,247,BH-0247-BLU-M-0747,Blue,M
748,248,BH-0248-BLU-38-0748,Blue,38
749,249,BH-0249-RED-L-0749,Red,L
750,250,BH-0250-GRE-S-0750,Grey,S
751,251,BH-0251-MAR-M-0751,Maroon,M
752,252,BH-0252-WHI-XL-0752,White,XL
753,253,BH-0253-CRE-M-0753,Cream,M
754,254,BH-0254-WHI-Free Size-0754,White,Free Size
755,255,BH-0255-BEI-38-0755,Beige,38
756,256,BH-0256-GRE-M-0756,Green,M
757,257,BH-0257-BRO-XL-0757,Brown,XL
758,258,BH-0258-GRE-L-0758,Grey,L
759,259,BH-0259-BLU-L-0759,Blue,L
760,260,BH-0260-MAR-L-0760,Maroon,L
761,261,BH-0261-BLA-Free Size-0761,Black,Free Size
762,262,BH-0262-GRE-M-0762,Grey,M
763,263,BH-0263-BLA-36-0763,Black,36
764,264,BH-0264-BLU-S-0764,Blue,S
765,265,BH-0265-PIN-34-0765,Pink,34
766,266,BH-0266-BRO-Free Size-0766,Brown,Free Size
767,267,BH-0267-GRE-XL-0767,Green,XL
768,268,BH-0268-NAV-Free Size-0768,Navy,Free Size
769,269,BH-0269-WHI-XXL-0769,White,XXL
770,270,BH-0270-GRE-L-0770,Green,L
771,271,BH-0271-BLU-S-0771,Blue,S
772,272,BH-0272-PIN-38-0772,Pink,38
773,273,BH-0273-BRO-36-0773,Brown,36
774,274,BH-0274-BLA-Free Size-0774,Black,Free Size
775,275,BH-0275-GRE-30-0775,Green,30
776,276,BH-0276-BLA-S-0776,Black,S
777,277,BH-0277-BLU-M-0777,Blue,M
778,278,BH-0278-GRE-M-0778,Grey,M
779,279,BH-0279-BLU-32-0779,Blue,32
780,280,BH-0280-WHI-32-0780,White,32
781,281,BH-0281-BRO-S-0781,Brown,S
782,282,BH-0282-GRE-XL-0782,Grey,XL
783,283,BH-0283-GRE-30-0783,Green,30
784,284,BH-0284-CRE-XXL-0784,Cream,XXL
785,285,BH-0285-BEI-M-0785,Beige,M
786,286,BH-0286-PIN-XXL-0786,Pink,XXL
787,287,BH-0287-WHI-L-0787,White,L
788,288,BH-0288-CRE-XL-0788,Cream,XL
789,289,BH-0289-GRE-S-0789,Green,S
790,290,BH-0290-BRO-S-0790,Brown,S
791,291,BH-0291-RED-28-0791,Red,28
792,292,BH-0292-MAR-XL-0792,Maroon,XL
793,293,BH-0293-CRE-XL-0793,Cream,XL
794,294,BH-0294-BLU-XL-0794,Blue,XL
795,295,BH-0295-GRE-S-0795,Green,S
796,296,BH-0296-RED-S-0796,Red,S
797,297,BH-0297-MAR-M-0797,Maroon,M
798,298,BH-0298-CRE-XL-0798,Cream,XL
799,299,BH-0299-WHI-L-0799,White,L
800,300,BH-0300-WHI-34-0800,White,34
801,301,BH-0301-GRE-M-0801,Green,M
802,302,BH-0302-GRE-XXL-0802,Green,XXL
803,303,BH-0303-WHI-36-0803,White,36
804,304,BH-0304-BLU-XL-0804,Blue,XL
805,305,BH-0305-NAV-L-0805,Navy,L
806,306,BH-0306-GRE-L-0806,Grey,L
807,307,BH-0307-BEI-S-0807,Beige,S
808,308,BH-0308-BEI-S-0808,Beige,S
809,309,BH-0309-NAV-XXL-0809,Navy,XXL
810,310,BH-0310-RED-L-0810,Red,L
811,311,BH-0311-PIN-38-0811,Pink,38
812,312,BH-0312-NAV-M-0812,Navy,M
813,313,BH-0313-GRE-S-0813,Grey,S
814,314,BH-0314-NAV-L-0814,Navy,L
815,315,BH-0315-MAR-M-0815,Maroon,M
816,316,BH-0316-PIN-Free Size-0816,Pink,Free Size
817,317,BH-0317-GRE-S-0817,Grey,S
818,318,BH-0318-BRO-XL-0818,Brown,XL
819,319,BH-0319-MAR-XXL-0819,Maroon,XXL
820,320,BH-0320-PIN-XL-0820,Pink,XL
821,321,BH-0321-PIN-L-0821,Pink,L
822,322,BH-0322-GRE-L-0822,Grey,L
823,323,BH-0323-WHI-XL-0823,White,XL
824,324,BH-0324-BRO-34-0824,Brown,34
825,325,BH-0325-BLU-L-0825,Blue,L
826,326,BH-0326-BLA-36-0826,Black,36
827,327,BH-0327-BEI-L-0827,Beige,L
828,328,BH-0328-BLU-28-0828,Blue,28
829,329,BH-0329-BRO-XL-0829,Brown,XL
830,330,BH-0330-BLA-S-0830,Black,S
831,331,BH-0331-BLU-32-0831,Blue,32
832,332,BH-0332-PIN-S-0832,Pink,S
833,333,BH-0333-MAR-S-0833,Maroon,S
834,334,BH-0334-BRO-Free Size-0834,Brown,Free Size
835,335,BH-0335-BEI-XXL-0835,Beige,XXL
836,336,BH-0336-BRO-S-0836,Brown,S
837,337,BH-0337-RED-M-0837,Red,M
838,338,BH-0338-BRO-XXL-0838,Brown,XXL
839,339,BH-0339-GRE-XXL-0839,Grey,XXL
840,340,BH-0340-BRO-S-0840,Brown,S
841,341,BH-0341-RED-S-0841,Red,S
842,342,BH-0342-WHI-38-0842,White,38
843,343,BH-0343-BLA-Free Size-0843,Black,Free Size
844,344,BH-0344-CRE-M-0844,Cream,M
845,345,BH-0345-BRO-XL-0845,Brown,XL
846,346,BH-0346-RED-M-0846,Red,M
847,347,BH-0347-BLU-L-0847,Blue,L
848,348,BH-0348-GRE-XL-0848,Green,XL
849,349,BH-0349-PIN-L-0849,Pink,L
850,350,BH-0350-BLA-36-0850,Black,36
851,351,BH-0351-WHI-L-0851,White,L
852,352,BH-0352-WHI-L-0852,White,L
853,353,BH-0353-PIN-XXL-0853,Pink,XXL
854,354,BH-0354-BLU-XL-0854,Blue,XL
855,355,BH-0355-CRE-32-0855,Cream,32
856,356,BH-0356-RED-M-0856,Red,M
857,357,BH-0357-MAR-28-0857,Maroon,28
858,358,BH-0358-RED-M-0858,Red,M
859,359,BH-0359-PIN-L-0859,Pink,L
860,360,BH-0360-GRE-XL-0860,Grey,XL
861,361,BH-0361-BLU-S-0861,Blue,S
862,362,BH-0362-PIN-XL-0862,Pink,XL
863,363,BH-0363-GRE-L-0863,Grey,L
864,364,BH-0364-PIN-S-0864,Pink,S
865,365,BH-0365-BEI-XL-0865,Beige,XL
866,366,BH-0366-BLA-L-0866,Black,L
867,367,BH-0367-BLU-L-0867,Blue,L
868,368,BH-0368-NAV-M-0868,Navy,M
869,369,BH-0369-BRO-L-0869,Brown,L
870,370,BH-0370-NAV-M-0870,Navy,M
871,371,BH-0371-GRE-M-0871,Grey,M
872,372,BH-0372-BLU-S-0872,Blue,S
873,373,BH-0373-BEI-28-0873,Beige,28
874,374,BH-0374-PIN-S-0874,Pink,S
875,375,BH-0375-MAR-L-0875,Maroon,L
876,376,BH-0376-MAR-M-0876,Maroon,M
877,377,BH-0377-GRE-34-0877,Grey,34
878,378,BH-0378-GRE-M-0878,Grey,M
879,379,BH-0379-GRE-XXL-0879,Grey,XXL
880,380,BH-0380-BRO-38-0880,Brown,38
881,381,BH-0381-GRE-S-0881,Green,S
882,382,BH-0382-PIN-32-0882,Pink,32
883,383,BH-0383-BRO-M-0883,Brown,M
884,384,BH-0384-BLU-XXL-0884,Blue,XXL
885,385,BH-0385-NAV-XL-0885,Navy,XL
886,386,BH-0386-NAV-XXL-0886,Navy,XXL
887,387,BH-0387-BRO-L-0887,Brown,L
888,388,BH-0388-RED-M-0888,Red,M
889,389,BH-0389-BRO-XXL-0889,Brown,XXL
890,390,BH-0390-BLU-XL-0890,Blue,XL
891,391,BH-0391-BEI-XL-0891,Beige,XL
892,392,BH-0392-GRE-XL-0892,Grey,XL
893,393,BH-0393-MAR-M-0893,Maroon,M
894,394,BH-0394-BLU-M-0894,Blue,M
895,395,BH-0395-PIN-S-0895,Pink,S
896,396,BH-0396-RED-XL-0896,Red,XL
897,397,BH-0397-WHI-XXL-0897,White,XXL
898,398,BH-0398-WHI-XXL-0898,White,XXL
899,399,BH-0399-WHI-L-0899,White,L
900,400,BH-0400-BLU-M-0900,Blue,M
901,401,BH-0401-BEI-34-0901,Beige,34
902,402,BH-0402-GRE-M-0902,Green,M
903,403,BH-0403-NAV-28-0903,Navy,28
904,404,BH-0404-RED-XL-0904,Red,XL
905,405,BH-0405-GRE-S-0905,Green,S
906,406,BH-0406-GRE-Free Size-0906,Green,Free Size
907,407,BH-0407-RED-XXL-0907,Red,XXL
908,408,BH-0408-GRE-M-0908,Green,M
909,409,BH-0409-RED-S-0909,Red,S
910,410,BH-0410-BLA-M-0910,Black,M
911,411,BH-0411-WHI-L-0911,White,L
912,412,BH-0412-GRE-Free Size-0912,Grey,Free Size
913,413,BH-0413-BLA-M-0913,Black,M
914,414,BH-0414-BRO-L-0914,Brown,L
915,415,BH-0415-GRE-38-0915,Grey,38
916,416,BH-0416-BRO-XL-0916,Brown,XL
917,417,BH-0417-BLA-XXL-0917,Black,XXL
918,418,BH-0418-BLA-S-0918,Black,S
919,419,BH-0419-NAV-L-0919,Navy,L
920,420,BH-0420-BEI-30-0920,Beige,30
921,421,BH-0421-MAR-38-0921,Maroon,38
922,422,BH-0422-WHI-Free Size-0922,White,Free Size
923,423,BH-0423-NAV-L-0923,Navy,L
924,424,BH-0424-WHI-L-0924,White,L
925,425,BH-0425-NAV-S-0925,Navy,S
926,426,BH-0426-PIN-XL-0926,Pink,XL
927,427,BH-0427-WHI-XL-0927,White,XL
928,428,BH-0428-BRO-S-0928,Brown,S
929,429,BH-0429-PIN-S-0929,Pink,S
930,430,BH-0430-MAR-XXL-0930,Maroon,XXL
931,431,BH-0431-CRE-M-0931,Cream,M
932,432,BH-0432-BLU-M-0932,Blue,M
933,433,BH-0433-BLA-XL-0933,Black,XL
934,434,BH-0434-RED-XXL-0934,Red,XXL
935,435,BH-0435-MAR-Free Size-0935,Maroon,Free Size
936,436,BH-0436-GRE-XL-0936,Grey,XL
937,437,BH-0437-BEI-S-0937,Beige,S
938,438,BH-0438-WHI-L-0938,White,L
939,439,BH-0439-BEI-XXL-0939,Beige,XXL
940,440,BH-0440-BEI-XXL-0940,Beige,XXL
941,441,BH-0441-GRE-S-0941,Green,S
942,442,BH-0442-BLA-XL-0942,Black,XL
943,443,BH-0443-RED-XL-0943,Red,XL
944,444,BH-0444-CRE-L-0944,Cream,L
945,445,BH-0445-RED-S-0945,Red,S
946,446,BH-0446-RED-S-0946,Red,S
947,447,BH-0447-CRE-M-0947,Cream,M
948,448,BH-0448-PIN-38-0948,Pink,38
949,449,BH-0449-MAR-S-0949,Maroon,S
950,450,BH-0450-GRE-L-0950,Grey,L
951,451,BH-0451-RED-28-0951,Red,28
952,452,BH-0452-RED-XXL-0952,Red,XXL
953,453,BH-0453-PIN-M-0953,Pink,M
954,454,BH-0454-CRE-XL-0954,Cream,XL
955,455,BH-0455-PIN-XL-0955,Pink,XL
956,456,BH-0456-GRE-M-0956,Grey,M
957,457,BH-0457-CRE-S-0957,Cream,S
958,458,BH-0458-BLA-Free Size-0958,Black,Free Size
959,459,BH-0459-NAV-L-0959,Navy,L
960,460,BH-0460-NAV-S-0960,Navy,S
961,461,BH-0461-RED-S-0961,Red,S
962,462,BH-0462-BEI-L-0962,Beige,L
963,463,BH-0463-BEI-XL-0963,Beige,XL
964,464,BH-0464-BLU-34-0964,Blue,34
965,465,BH-0465-PIN-S-0965,Pink,S
966,466,BH-0466-BLU-M-0966,Blue,M
967,467,BH-0467-BLA-L-0967,Black,L
968,468,BH-0468-BLU-L-0968,Blue,L
969,469,BH-0469-RED-S-0969,Red,S
970,470,BH-0470-GRE-XL-0970,Green,XL
971,471,BH-0471-GRE-XL-0971,Green,XL
972,472,BH-0472-GRE-L-0972,Grey,L
973,473,BH-0473-CRE-XL-0973,Cream,XL
974,474,BH-0474-RED-34-0974,Red,34
975,475,BH-0475-BLU-XXL-0975,Blue,XXL
976,476,BH-0476-CRE-S-0976,Cream,S
977,477,BH-0477-WHI-XL-0977,White,XL
978,478,BH-0478-MAR-XL-0978,Maroon,XL
979,479,BH-0479-BEI-M-0979,Beige,M
980,480,BH-0480-RED-L-0980,Red,L
981,481,BH-0481-WHI-Free Size-0981,White,Free Size
982,482,BH-0482-PIN-L-0982,Pink,L
983,483,BH-0483-BLU-L-0983,Blue,L
984,484,BH-0484-MAR-XL-0984,Maroon,XL
985,485,BH-0485-GRE-Free Size-0985,Grey,Free Size
986,486,BH-0486-RED-XL-0986,Red,XL
987,487,BH-0487-BLA-XL-0987,Black,XL
988,488,BH-0488-MAR-L-0988,Maroon,L
989,489,BH-0489-BLU-XL-0989,Blue,XL
990,490,BH-0490-WHI-S-0990,White,S
991,491,BH-0491-PIN-38-0991,Pink,38
992,492,BH-0492-RED-XL-0992,Red,XL
993,493,BH-0493-CRE-XXL-0993,Cream,XXL
994,494,BH-0494-BLA-Free Size-0994,Black,Free Size
995,495,BH-0495-MAR-M-0995,Maroon,M
996,496,BH-0496-BRO-38-0996,Brown,38
997,497,BH-0497-GRE-Free Size-0997,Grey,Free Size
998,498,BH-0498-NAV-S-0998,Navy,S
999,499,BH-0499-RED-L-0999,Red,L
1000,500,BH-0500-MAR-XL-1000,Maroon,XL
1001,1,BH-0001-MAR-S-1001,Maroon,S
1002,2,BH-0002-PIN-M-1002,Pink,M
1003,3,BH-0003-RED-XL-1003,Red,XL
1004,4,BH-0004-BRO-32-1004,Brown,32
1005,5,BH-0005-MAR-S-1005,Maroon,S
1006,6,BH-0006-BEI-M-1006,Beige,M
1007,7,BH-0007-GRE-Free Size-1007,Green,Free Size
1008,8,BH-0008-PIN-L-1008,Pink,L
1009,9,BH-0009-NAV-Free Size-1009,Navy,Free Size
1010,10,BH-0010-BLA-28-1010,Black,28
1011,11,BH-0011-BRO-M-1011,Brown,M
1012,12,BH-0012-GRE-XXL-1012,Green,XXL
1013,13,BH-0013-WHI-36-1013,White,36
1014,14,BH-0014-BLU-L-1014,Blue,L
1015,15,BH-0015-NAV-Free Size-1015,Navy,Free Size
1016,16,BH-0016-BLU-XXL-1016,Blue,XXL
1017,17,BH-0017-NAV-Free Size-1017,Navy,Free Size
1018,18,BH-0018-GRE-S-1018,Grey,S
1019,19,BH-0019-BRO-Free Size-1019,Brown,Free Size
1020,20,BH-0020-CRE-M-1020,Cream,M
1021,21,BH-0021-WHI-XL-1021,White,XL
1022,22,BH-0022-PIN-L-1022,Pink,L
1023,23,BH-0023-CRE-L-1023,Cream,L
1024,24,BH-0024-BEI-28-1024,Beige,28
1025,25,BH-0025-BLU-XXL-1025,Blue,XXL
1026,26,BH-0026-GRE-32-1026,Grey,32
1027,27,BH-0027-RED-M-1027,Red,M
1028,28,BH-0028-NAV-XXL-1028,Navy,XXL
1029,29,BH-0029-NAV-S-1029,Navy,S
1030,30,BH-0030-NAV-M-1030,Navy,M
1031,31,BH-0031-BLA-XL-1031,Black,XL
1032,32,BH-0032-BEI-L-1032,Beige,L
1033,33,BH-0033-RED-XXL-1033,Red,XXL
1034,34,BH-0034-BEI-XL-1034,Beige,XL
1035,35,BH-0035-MAR-M-1035,Maroon,M
1036,36,BH-0036-WHI-S-1036,White,S
1037,37,BH-0037-GRE-L-1037,Green,L
1038,38,BH-0038-BEI-XL-1038,Beige,XL
1039,39,BH-0039-GRE-XL-1039,Green,XL
1040,40,BH-0040-WHI-XXL-1040,White,XXL
1041,41,BH-0041-RED-Free Size-1041,Red,Free Size
1042,42,BH-0042-WHI-38-1042,White,38
1043,43,BH-0043-BRO-Free Size-1043,Brown,Free Size
1044,44,BH-0044-RED-XXL-1044,Red,XXL
1045,45,BH-0045-BEI-Free Size-1045,Beige,Free Size
1046,46,BH-0046-GRE-Free Size-1046,Grey,Free Size
1047,47,BH-0047-BEI-XL-1047,Beige,XL
1048,48,BH-0048-WHI-S-1048,White,S
1049,49,BH-0049-GRE-XXL-1049,Grey,XXL
1050,50,BH-0050-GRE-Free Size-1050,Grey,Free Size
1051,51,BH-0051-RED-Free Size-1051,Red,Free Size
1052,52,BH-0052-RED-M-1052,Red,M
1053,53,BH-0053-BLU-36-1053,Blue,36
1054,54,BH-0054-BLU-S-1054,Blue,S
1055,55,BH-0055-PIN-30-1055,Pink,30
1056,56,BH-0056-GRE-L-1056,Grey,L
1057,57,BH-0057-BLU-38-1057,Blue,38
1058,58,BH-0058-BEI-XXL-1058,Beige,XXL
1059,59,BH-0059-BEI-S-1059,Beige,S
1060,60,BH-0060-GRE-38-1060,Grey,38
1061,61,BH-0061-MAR-XXL-1061,Maroon,XXL
1062,62,BH-0062-GRE-M-1062,Grey,M
1063,63,BH-0063-CRE-XXL-1063,Cream,XXL
1064,64,BH-0064-RED-36-1064,Red,36
1065,65,BH-0065-BLA-XXL-1065,Black,XXL
1066,66,BH-0066-WHI-28-1066,White,28
1067,67,BH-0067-PIN-S-1067,Pink,S
1068,68,BH-0068-PIN-L-1068,Pink,L
1069,69,BH-0069-MAR-Free Size-1069,Maroon,Free Size
1070,70,BH-0070-MAR-Free Size-1070,Maroon,Free Size
1071,71,BH-0071-BRO-S-1071,Brown,S
1072,72,BH-0072-PIN-Free Size-1072,Pink,Free Size
1073,73,BH-0073-BRO-L-1073,Brown,L
1074,74,BH-0074-PIN-30-1074,Pink,30
1075,75,BH-0075-BLU-XL-1075,Blue,XL
1076,76,BH-0076-WHI-XL-1076,White,XL
1077,77,BH-0077-GRE-S-1077,Grey,S
1078,78,BH-0078-GRE-XL-1078,Green,XL
1079,79,BH-0079-BRO-34-1079,Brown,34
1080,80,BH-0080-RED-30-1080,Red,30
1081,81,BH-0081-GRE-XXL-1081,Grey,XXL
1082,82,BH-0082-CRE-L-1082,Cream,L
1083,83,BH-0083-CRE-L-1083,Cream,L
1084,84,BH-0084-GRE-L-1084,Green,L
1085,85,BH-0085-RED-M-1085,Red,M
1086,86,BH-0086-BEI-XXL-1086,Beige,XXL
1087,87,BH-0087-RED-S-1087,Red,S
1088,88,BH-0088-BRO-M-1088,Brown,M
1089,89,BH-0089-BLU-S-1089,Blue,S
1090,90,BH-0090-NAV-XL-1090,Navy,XL
1091,91,BH-0091-WHI-M-1091,White,M
1092,92,BH-0092-BLU-S-1092,Blue,S
1093,93,BH-0093-MAR-34-1093,Maroon,34
1094,94,BH-0094-NAV-34-1094,Navy,34
1095,95,BH-0095-RED-Free Size-1095,Red,Free Size
1096,96,BH-0096-NAV-Free Size-1096,Navy,Free Size
1097,97,BH-0097-BRO-Free Size-1097,Brown,Free Size
1098,98,BH-0098-BRO-XXL-1098,Brown,XXL
1099,99,BH-0099-BLU-34-1099,Blue,34
1100,100,BH-0100-BLA-Free Size-1100,Black,Free Size
1101,101,BH-0101-GRE-S-1101,Green,S
1102,102,BH-0102-BRO-XXL-1102,Brown,XXL
1103,103,BH-0103-NAV-M-1103,Navy,M
1104,104,BH-0104-RED-XXL-1104,Red,XXL
1105,105,BH-0105-BLA-S-1105,Black,S
1106,106,BH-0106-BRO-L-1106,Brown,L
1107,107,BH-0107-BLU-XL-1107,Blue,XL
1108,108,BH-0108-WHI-Free Size-1108,White,Free Size
1109,109,BH-0109-GRE-XL-1109,Grey,XL
1110,110,BH-0110-CRE-Free Size-1110,Cream,Free Size
1111,111,BH-0111-GRE-32-1111,Green,32
1112,112,BH-0112-BLA-L-1112,Black,L
1113,113,BH-0113-BLA-XL-1113,Black,XL
1114,114,BH-0114-RED-Free Size-1114,Red,Free Size
1115,115,BH-0115-BLU-36-1115,Blue,36
1116,116,BH-0116-GRE-S-1116,Green,S
1117,117,BH-0117-BRO-XXL-1117,Brown,XXL
1118,118,BH-0118-BLU-XXL-1118,Blue,XXL
1119,119,BH-0119-PIN-XXL-1119,Pink,XXL
1120,120,BH-0120-GRE-S-1120,Grey,S
1121,121,BH-0121-GRE-S-1121,Green,S
1122,122,BH-0122-RED-L-1122,Red,L
1123,123,BH-0123-GRE-L-1123,Grey,L
1124,124,BH-0124-MAR-30-1124,Maroon,30
1125,125,BH-0125-GRE-XXL-1125,Green,XXL
1126,126,BH-0126-BLA-XXL-1126,Black,XXL
1127,127,BH-0127-BLA-S-1127,Black,S
1128,128,BH-0128-CRE-30-1128,Cream,30
1129,129,BH-0129-BRO-L-1129,Brown,L
1130,130,BH-0130-GRE-XL-1130,Grey,XL
1131,131,BH-0131-BEI-XXL-1131,Beige,XXL
1132,132,BH-0132-RED-30-1132,Red,30
1133,133,BH-0133-GRE-L-1133,Grey,L
1134,134,BH-0134-MAR-XL-1134,Maroon,XL
1135,135,BH-0135-MAR-L-1135,Maroon,L
1136,136,BH-0136-BEI-L-1136,Beige,L
1137,137,BH-0137-CRE-Free Size-1137,Cream,Free Size
1138,138,BH-0138-BLU-XXL-1138,Blue,XXL
1139,139,BH-0139-BLA-XL-1139,Black,XL
1140,140,BH-0140-RED-L-1140,Red,L
1141,141,BH-0141-GRE-S-1141,Green,S
1142,142,BH-0142-BLU-36-1142,Blue,36
1143,143,BH-0143-MAR-Free Size-1143,Maroon,Free Size
1144,144,BH-0144-BLU-XL-1144,Blue,XL
1145,145,BH-0145-MAR-XXL-1145,Maroon,XXL
1146,146,BH-0146-CRE-30-1146,Cream,30
1147,147,BH-0147-MAR-S-1147,Maroon,S
1148,148,BH-0148-GRE-XL-1148,Grey,XL
1149,149,BH-0149-PIN-36-1149,Pink,36
1150,150,BH-0150-GRE-XXL-1150,Green,XXL
1151,151,BH-0151-PIN-30-1151,Pink,30
1152,152,BH-0152-BLA-Free Size-1152,Black,Free Size
1153,153,BH-0153-CRE-XXL-1153,Cream,XXL
1154,154,BH-0154-NAV-S-1154,Navy,S
1155,155,BH-0155-BRO-28-1155,Brown,28
1156,156,BH-0156-GRE-L-1156,Green,L
1157,157,BH-0157-GRE-M-1157,Green,M
1158,158,BH-0158-GRE-M-1158,Green,M
1159,159,BH-0159-CRE-XL-1159,Cream,XL
1160,160,BH-0160-CRE-S-1160,Cream,S
1161,161,BH-0161-BEI-Free Size-1161,Beige,Free Size
1162,162,BH-0162-BEI-M-1162,Beige,M
1163,163,BH-0163-PIN-32-1163,Pink,32
1164,164,BH-0164-BEI-XL-1164,Beige,XL
1165,165,BH-0165-RED-34-1165,Red,34
1166,166,BH-0166-BRO-M-1166,Brown,M
1167,167,BH-0167-RED-XXL-1167,Red,XXL
1168,168,BH-0168-PIN-L-1168,Pink,L
1169,169,BH-0169-MAR-L-1169,Maroon,L
1170,170,BH-0170-NAV-XL-1170,Navy,XL
1171,171,BH-0171-BLU-M-1171,Blue,M
1172,172,BH-0172-BLU-XXL-1172,Blue,XXL
1173,173,BH-0173-BLU-30-1173,Blue,30
1174,174,BH-0174-CRE-L-1174,Cream,L
1175,175,BH-0175-CRE-M-1175,Cream,M
1176,176,BH-0176-RED-XL-1176,Red,XL
1177,177,BH-0177-RED-XL-1177,Red,XL
1178,178,BH-0178-CRE-XXL-1178,Cream,XXL
1179,179,BH-0179-BLU-32-1179,Blue,32
1180,180,BH-0180-MAR-S-1180,Maroon,S
1181,181,BH-0181-GRE-XXL-1181,Green,XXL
1182,182,BH-0182-RED-XL-1182,Red,XL
1183,183,BH-0183-BLU-M-1183,Blue,M
1184,184,BH-0184-BLU-28-1184,Blue,28
1185,185,BH-0185-RED-S-1185,Red,S
1186,186,BH-0186-PIN-XL-1186,Pink,XL
1187,187,BH-0187-CRE-32-1187,Cream,32
1188,188,BH-0188-NAV-XL-1188,Navy,XL
1189,189,BH-0189-BEI-M-1189,Beige,M
1190,190,BH-0190-BEI-L-1190,Beige,L
1191,191,BH-0191-GRE-L-1191,Grey,L
1192,192,BH-0192-MAR-S-1192,Maroon,S
1193,193,BH-0193-NAV-XXL-1193,Navy,XXL
1194,194,BH-0194-BLA-M-1194,Black,M
1195,195,BH-0195-NAV-XXL-1195,Navy,XXL
1196,196,BH-0196-BLA-M-1196,Black,M
1197,197,BH-0197-GRE-S-1197,Green,S
1198,198,BH-0198-CRE-L-1198,Cream,L
1199,199,BH-0199-WHI-XL-1199,White,XL
1200,200,BH-0200-BLA-M-1200,Black,M
1201,201,BH-0201-GRE-M-1201,Green,M
1202,202,BH-0202-BRO-XL-1202,Brown,XL
1203,203,BH-0203-BLU-M-1203,Blue,M
1204,204,BH-0204-BLU-L-1204,Blue,L
1205,205,BH-0205-WHI-S-1205,White,S
1206,206,BH-0206-NAV-XXL-1206,Navy,XXL
1207,207,BH-0207-CRE-XXL-1207,Cream,XXL
1208,208,BH-0208-GRE-S-1208,Grey,S
1209,209,BH-0209-GRE-34-1209,Grey,34
1210,210,BH-0210-GRE-S-1210,Green,S
1211,211,BH-0211-GRE-XL-1211,Grey,XL
1212,212,BH-0212-BLA-L-1212,Black,L
1213,213,BH-0213-BLU-Free Size-1213,Blue,Free Size
1214,214,BH-0214-MAR-XXL-1214,Maroon,XXL
1215,215,BH-0215-RED-S-1215,Red,S
1216,216,BH-0216-BRO-Free Size-1216,Brown,Free Size
1217,217,BH-0217-GRE-XL-1217,Grey,XL
1218,218,BH-0218-BRO-XXL-1218,Brown,XXL
1219,219,BH-0219-NAV-L-1219,Navy,L
1220,220,BH-0220-RED-S-1220,Red,S
1221,221,BH-0221-CRE-M-1221,Cream,M
1222,222,BH-0222-PIN-Free Size-1222,Pink,Free Size
1223,223,BH-0223-CRE-32-1223,Cream,32
1224,224,BH-0224-BLA-30-1224,Black,30
1225,225,BH-0225-BLU-L-1225,Blue,L
1226,226,BH-0226-PIN-36-1226,Pink,36
1227,227,BH-0227-GRE-M-1227,Grey,M
1228,228,BH-0228-PIN-XXL-1228,Pink,XXL
1229,229,BH-0229-GRE-XL-1229,Green,XL
1230,230,BH-0230-RED-36-1230,Red,36
1231,231,BH-0231-GRE-S-1231,Green,S
1232,232,BH-0232-GRE-S-1232,Grey,S
1233,233,BH-0233-BRO-M-1233,Brown,M
1234,234,BH-0234-NAV-L-1234,Navy,L
1235,235,BH-0235-BLU-S-1235,Blue,S
1236,236,BH-0236-NAV-XL-1236,Navy,XL
1237,237,BH-0237-BLU-34-1237,Blue,34
1238,238,BH-0238-BLU-32-1238,Blue,32
1239,239,BH-0239-CRE-XXL-1239,Cream,XXL
1240,240,BH-0240-BLA-XXL-1240,Black,XXL
1241,241,BH-0241-PIN-L-1241,Pink,L
1242,242,BH-0242-CRE-32-1242,Cream,32
1243,243,BH-0243-BLA-M-1243,Black,M
1244,244,BH-0244-BRO-S-1244,Brown,S
1245,245,BH-0245-GRE-32-1245,Grey,32
1246,246,BH-0246-PIN-XL-1246,Pink,XL
1247,247,BH-0247-CRE-XXL-1247,Cream,XXL
1248,248,BH-0248-CRE-32-1248,Cream,32
1249,249,BH-0249-PIN-S-1249,Pink,S
1250,250,BH-0250-RED-L-1250,Red,L
1251,251,BH-0251-NAV-XXL-1251,Navy,XXL
1252,252,BH-0252-GRE-M-1252,Grey,M
1253,253,BH-0253-GRE-XL-1253,Grey,XL
1254,254,BH-0254-CRE-Free Size-1254,Cream,Free Size
1255,255,BH-0255-RED-36-1255,Red,36
1256,256,BH-0256-CRE-XL-1256,Cream,XL
1257,257,BH-0257-BRO-XXL-1257,Brown,XXL
1258,258,BH-0258-PIN-XXL-1258,Pink,XXL
1259,259,BH-0259-NAV-M-1259,Navy,M
1260,260,BH-0260-WHI-XXL-1260,White,XXL
1261,261,BH-0261-BEI-Free Size-1261,Beige,Free Size
1262,262,BH-0262-WHI-L-1262,White,L
1263,263,BH-0263-WHI-36-1263,White,36
1264,264,BH-0264-BEI-S-1264,Beige,S
1265,265,BH-0265-NAV-36-1265,Navy,36
1266,266,BH-0266-GRE-Free Size-1266,Grey,Free Size
1267,267,BH-0267-BEI-L-1267,Beige,L
1268,268,BH-0268-WHI-Free Size-1268,White,Free Size
1269,269,BH-0269-CRE-M-1269,Cream,M
1270,270,BH-0270-WHI-XL-1270,White,XL
1271,271,BH-0271-BLA-XL-1271,Black,XL
1272,272,BH-0272-GRE-34-1272,Grey,34
1273,273,BH-0273-GRE-36-1273,Green,36
1274,274,BH-0274-MAR-Free Size-1274,Maroon,Free Size
1275,275,BH-0275-BEI-28-1275,Beige,28
1276,276,BH-0276-PIN-XL-1276,Pink,XL
1277,277,BH-0277-CRE-L-1277,Cream,L
1278,278,BH-0278-GRE-S-1278,Green,S
1279,279,BH-0279-BLA-32-1279,Black,32
1280,280,BH-0280-NAV-38-1280,Navy,38
1281,281,BH-0281-BLA-S-1281,Black,S
1282,282,BH-0282-RED-XL-1282,Red,XL
1283,283,BH-0283-WHI-38-1283,White,38
1284,284,BH-0284-BLA-XXL-1284,Black,XXL
1285,285,BH-0285-BRO-S-1285,Brown,S
1286,286,BH-0286-BLU-S-1286,Blue,S
1287,287,BH-0287-GRE-XL-1287,Grey,XL
1288,288,BH-0288-PIN-M-1288,Pink,M
1289,289,BH-0289-RED-XL-1289,Red,XL
1290,290,BH-0290-BRO-XL-1290,Brown,XL
1291,291,BH-0291-GRE-34-1291,Green,34
1292,292,BH-0292-PIN-S-1292,Pink,S
1293,293,BH-0293-PIN-M-1293,Pink,M
1294,294,BH-0294-WHI-L-1294,White,L
1295,295,BH-0295-BEI-M-1295,Beige,M
1296,296,BH-0296-BEI-XL-1296,Beige,XL
1297,297,BH-0297-CRE-M-1297,Cream,M
1298,298,BH-0298-BLA-M-1298,Black,M
1299,299,BH-0299-BLU-S-1299,Blue,S
1300,300,BH-0300-PIN-34-1300,Pink,34
1301,301,BH-0301-GRE-XXL-1301,Green,XXL
1302,302,BH-0302-GRE-XXL-1302,Green,XXL
1303,303,BH-0303-NAV-30-1303,Navy,30
1304,304,BH-0304-RED-XL-1304,Red,XL
1305,305,BH-0305-BLU-M-1305,Blue,M
1306,306,BH-0306-CRE-M-1306,Cream,M
1307,307,BH-0307-BLA-S-1307,Black,S
1308,308,BH-0308-MAR-XL-1308,Maroon,XL
1309,309,BH-0309-NAV-S-1309,Navy,S
1310,310,BH-0310-WHI-M-1310,White,M
1311,311,BH-0311-MAR-28-1311,Maroon,28
1312,312,BH-0312-BRO-S-1312,Brown,S
1313,313,BH-0313-NAV-S-1313,Navy,S
1314,314,BH-0314-GRE-S-1314,Green,S
1315,315,BH-0315-NAV-XL-1315,Navy,XL
1316,316,BH-0316-BLA-Free Size-1316,Black,Free Size
1317,317,BH-0317-BEI-M-1317,Beige,M
1318,318,BH-0318-NAV-L-1318,Navy,L
1319,319,BH-0319-RED-XXL-1319,Red,XXL
1320,320,BH-0320-NAV-L-1320,Navy,L
1321,321,BH-0321-GRE-L-1321,Grey,L
1322,322,BH-0322-GRE-M-1322,Green,M
1323,323,BH-0323-BLU-L-1323,Blue,L
1324,324,BH-0324-BEI-28-1324,Beige,28
1325,325,BH-0325-PIN-M-1325,Pink,M
1326,326,BH-0326-GRE-38-1326,Green,38
1327,327,BH-0327-BRO-XXL-1327,Brown,XXL
1328,328,BH-0328-RED-28-1328,Red,28
1329,329,BH-0329-BEI-XL-1329,Beige,XL
1330,330,BH-0330-CRE-L-1330,Cream,L
1331,331,BH-0331-GRE-34-1331,Green,34
1332,332,BH-0332-BLU-M-1332,Blue,M
1333,333,BH-0333-GRE-XL-1333,Grey,XL
1334,334,BH-0334-NAV-Free Size-1334,Navy,Free Size
1335,335,BH-0335-BLU-M-1335,Blue,M
1336,336,BH-0336-BRO-M-1336,Brown,M
1337,337,BH-0337-BEI-S-1337,Beige,S
1338,338,BH-0338-GRE-XL-1338,Green,XL
1339,339,BH-0339-BEI-XXL-1339,Beige,XXL
1340,340,BH-0340-GRE-M-1340,Green,M
1341,341,BH-0341-BLU-M-1341,Blue,M
1342,342,BH-0342-RED-30-1342,Red,30
1343,343,BH-0343-BRO-Free Size-1343,Brown,Free Size
1344,344,BH-0344-WHI-L-1344,White,L
1345,345,BH-0345-CRE-XXL-1345,Cream,XXL
1346,346,BH-0346-BLA-M-1346,Black,M
1347,347,BH-0347-GRE-L-1347,Green,L
1348,348,BH-0348-MAR-XXL-1348,Maroon,XXL
1349,349,BH-0349-WHI-S-1349,White,S
1350,350,BH-0350-MAR-30-1350,Maroon,30
1351,351,BH-0351-NAV-XXL-1351,Navy,XXL
1352,352,BH-0352-NAV-XL-1352,Navy,XL
1353,353,BH-0353-BLU-L-1353,Blue,L
1354,354,BH-0354-NAV-S-1354,Navy,S
1355,355,BH-0355-CRE-30-1355,Cream,30
1356,356,BH-0356-CRE-S-1356,Cream,S
1357,357,BH-0357-NAV-34-1357,Navy,34
1358,358,BH-0358-CRE-XXL-1358,Cream,XXL
1359,359,BH-0359-GRE-M-1359,Green,M
1360,360,BH-0360-BEI-M-1360,Beige,M
1361,361,BH-0361-BLU-L-1361,Blue,L
1362,362,BH-0362-BRO-XL-1362,Brown,XL
1363,363,BH-0363-BLU-L-1363,Blue,L
1364,364,BH-0364-RED-L-1364,Red,L
1365,365,BH-0365-BRO-XL-1365,Brown,XL
1366,366,BH-0366-CRE-S-1366,Cream,S
1367,367,BH-0367-RED-XL-1367,Red,XL
1368,368,BH-0368-RED-M-1368,Red,M
1369,369,BH-0369-GRE-L-1369,Green,L
1370,370,BH-0370-MAR-S-1370,Maroon,S
1371,371,BH-0371-CRE-M-1371,Cream,M
1372,372,BH-0372-BLA-M-1372,Black,M
1373,373,BH-0373-BEI-32-1373,Beige,32
1374,374,BH-0374-BLU-XL-1374,Blue,XL
1375,375,BH-0375-NAV-M-1375,Navy,M
1376,376,BH-0376-NAV-L-1376,Navy,L
1377,377,BH-0377-MAR-34-1377,Maroon,34
1378,378,BH-0378-BRO-M-1378,Brown,M
1379,379,BH-0379-PIN-XXL-1379,Pink,XXL
1380,380,BH-0380-RED-38-1380,Red,38
1381,381,BH-0381-BRO-L-1381,Brown,L
1382,382,BH-0382-PIN-38-1382,Pink,38
1383,383,BH-0383-BRO-XL-1383,Brown,XL
1384,384,BH-0384-CRE-M-1384,Cream,M
1385,385,BH-0385-GRE-L-1385,Grey,L
1386,386,BH-0386-CRE-M-1386,Cream,M
1387,387,BH-0387-BRO-XXL-1387,Brown,XXL
1388,388,BH-0388-BEI-M-1388,Beige,M
1389,389,BH-0389-BEI-S-1389,Beige,S
1390,390,BH-0390-WHI-S-1390,White,S
1391,391,BH-0391-BLA-S-1391,Black,S
1392,392,BH-0392-GRE-XL-1392,Grey,XL
1393,393,BH-0393-WHI-M-1393,White,M
1394,394,BH-0394-BLA-M-1394,Black,M
1395,395,BH-0395-BEI-M-1395,Beige,M
1396,396,BH-0396-RED-XL-1396,Red,XL
1397,397,BH-0397-MAR-S-1397,Maroon,S
1398,398,BH-0398-BRO-XXL-1398,Brown,XXL
1399,399,BH-0399-BLA-XL-1399,Black,XL
1400,400,BH-0400-BEI-S-1400,Beige,S
1401,401,BH-0401-GRE-36-1401,Green,36
1402,402,BH-0402-BLA-S-1402,Black,S
1403,403,BH-0403-CRE-36-1403,Cream,36
1404,404,BH-0404-BEI-L-1404,Beige,L
1405,405,BH-0405-BLA-L-1405,Black,L
1406,406,BH-0406-GRE-Free Size-1406,Grey,Free Size
1407,407,BH-0407-WHI-S-1407,White,S
1408,408,BH-0408-NAV-M-1408,Navy,M
1409,409,BH-0409-MAR-M-1409,Maroon,M
1410,410,BH-0410-BLU-XXL-1410,Blue,XXL
1411,411,BH-0411-BLU-L-1411,Blue,L
1412,412,BH-0412-WHI-Free Size-1412,White,Free Size
1413,413,BH-0413-GRE-L-1413,Green,L
1414,414,BH-0414-MAR-XL-1414,Maroon,XL
1415,415,BH-0415-CRE-30-1415,Cream,30
1416,416,BH-0416-BLU-M-1416,Blue,M
1417,417,BH-0417-PIN-S-1417,Pink,S
1418,418,BH-0418-WHI-S-1418,White,S
1419,419,BH-0419-GRE-XL-1419,Green,XL
1420,420,BH-0420-BEI-34-1420,Beige,34
1421,421,BH-0421-BLA-34-1421,Black,34
1422,422,BH-0422-CRE-Free Size-1422,Cream,Free Size
1423,423,BH-0423-WHI-M-1423,White,M
1424,424,BH-0424-GRE-XL-1424,Green,XL
1425,425,BH-0425-MAR-L-1425,Maroon,L
1426,426,BH-0426-BEI-S-1426,Beige,S
1427,427,BH-0427-NAV-S-1427,Navy,S
1428,428,BH-0428-CRE-M-1428,Cream,M
1429,429,BH-0429-BLU-XL-1429,Blue,XL
1430,430,BH-0430-WHI-S-1430,White,S
1431,431,BH-0431-BEI-L-1431,Beige,L
1432,432,BH-0432-PIN-XXL-1432,Pink,XXL
1433,433,BH-0433-GRE-S-1433,Grey,S
1434,434,BH-0434-BLA-L-1434,Black,L
1435,435,BH-0435-MAR-Free Size-1435,Maroon,Free Size
1436,436,BH-0436-CRE-M-1436,Cream,M
1437,437,BH-0437-WHI-XL-1437,White,XL
1438,438,BH-0438-GRE-L-1438,Grey,L
1439,439,BH-0439-NAV-XXL-1439,Navy,XXL
1440,440,BH-0440-GRE-XXL-1440,Green,XXL
1441,441,BH-0441-GRE-L-1441,Green,L
1442,442,BH-0442-CRE-M-1442,Cream,M
1443,443,BH-0443-BEI-S-1443,Beige,S
1444,444,BH-0444-BLA-L-1444,Black,L
1445,445,BH-0445-GRE-S-1445,Green,S
1446,446,BH-0446-WHI-M-1446,White,M
1447,447,BH-0447-MAR-L-1447,Maroon,L
1448,448,BH-0448-MAR-36-1448,Maroon,36
1449,449,BH-0449-RED-XL-1449,Red,XL
1450,450,BH-0450-PIN-S-1450,Pink,S
1451,451,BH-0451-BRO-32-1451,Brown,32
1452,452,BH-0452-NAV-XL-1452,Navy,XL
1453,453,BH-0453-BEI-L-1453,Beige,L
1454,454,BH-0454-GRE-XL-1454,Green,XL
1455,455,BH-0455-PIN-M-1455,Pink,M
1456,456,BH-0456-PIN-XXL-1456,Pink,XXL
1457,457,BH-0457-WHI-XL-1457,White,XL
1458,458,BH-0458-NAV-Free Size-1458,Navy,Free Size
1459,459,BH-0459-WHI-S-1459,White,S
1460,460,BH-0460-GRE-L-1460,Grey,L
1461,461,BH-0461-CRE-XL-1461,Cream,XL
1462,462,BH-0462-CRE-M-1462,Cream,M
1463,463,BH-0463-RED-XL-1463,Red,XL
1464,464,BH-0464-WHI-32-1464,White,32
1465,465,BH-0465-BLA-S-1465,Black,S
1466,466,BH-0466-BRO-L-1466,Brown,L
1467,467,BH-0467-BLU-L-1467,Blue,L
1468,468,BH-0468-GRE-S-1468,Grey,S
1469,469,BH-0469-GRE-S-1469,Grey,S
1470,470,BH-0470-BRO-XL-1470,Brown,XL
1471,471,BH-0471-BEI-XXL-1471,Beige,XXL
1472,472,BH-0472-GRE-XXL-1472,Green,XXL
1473,473,BH-0473-BLA-S-1473,Black,S
1474,474,BH-0474-RED-28-1474,Red,28
1475,475,BH-0475-WHI-XXL-1475,White,XXL
1476,476,BH-0476-MAR-XXL-1476,Maroon,XXL
1477,477,BH-0477-GRE-L-1477,Green,L
1478,478,BH-0478-BLU-S-1478,Blue,S
1479,479,BH-0479-GRE-XL-1479,Green,XL
1480,480,BH-0480-CRE-S-1480,Cream,S
1481,481,BH-0481-MAR-Free Size-1481,Maroon,Free Size
1482,482,BH-0482-GRE-XXL-1482,Grey,XXL
1483,483,BH-0483-GRE-XL-1483,Grey,XL
1484,484,BH-0484-BLU-M-1484,Blue,M
1485,485,BH-0485-BLU-Free Size-1485,Blue,Free Size
1486,486,BH-0486-GRE-XL-1486,Grey,XL
1487,487,BH-0487-GRE-S-1487,Grey,S
1488,488,BH-0488-BLU-XL-1488,Blue,XL
1489,489,BH-0489-BLU-XL-1489,Blue,XL
1490,490,BH-0490-WHI-XL-1490,White,XL
1491,491,BH-0491-BLU-32-1491,Blue,32
1492,492,BH-0492-CRE-M-1492,Cream,M
1493,493,BH-0493-MAR-XL-1493,Maroon,XL
1494,494,BH-0494-BRO-Free Size-1494,Brown,Free Size
1495,495,BH-0495-GRE-S-1495,Grey,S
1496,496,BH-0496-BLA-32-1496,Black,32
1497,497,BH-0497-RED-Free Size-1497,Red,Free Size
1498,498,BH-0498-RED-XL-1498,Red,XL
1499,499,BH-0499-RED-XL-1499,Red,XL
1500,500,BH-0500-PIN-XL-1500,Pink,XL
