date_id,full_date,year,quarter,month,month_name,week,day_name
1,2024-01-01,2024,1,1,January,1,Monday
2,2024-01-02,2024,1,1,January,1,Tuesday
3,2024-01-03,2024,1,1,January,1,Wednesday
4,2024-01-04,2024,1,1,January,1,Thursday
5,2024-01-05,2024,1,1,January,1,Friday
6,2024-01-06,2024,1,1,January,1,Saturday
7,2024-01-07,2024,1,1,January,1,Sunday
8,2024-01-08,2024,1,1,January,2,Monday
9,2024-01-09,2024,1,1,January,2,Tuesday
10,2024-01-10,2024,1,1,January,2,Wednesday
11,2024-01-11,2024,1,1,January,2,Thursday
12,2024-01-12,2024,1,1,January,2,Friday
13,2024-01-13,2024,1,1,January,2,Saturday
14,2024-01-14,2024,1,1,January,2,Sunday
15,2024-01-15,2024,1,1,January,3,Monday
16,2024-01-16,2024,1,1,January,3,Tuesday
17,2024-01-17,2024,1,1,January,3,Wednesday
18,2024-01-18,2024,1,1,January,3,Thursday
19,2024-01-19,2024,1,1,January,3,Friday
20,2024-01-20,2024,1,1,January,3,Saturday
21,2024-01-21,2024,1,1,January,3,Sunday
22,2024-01-22,2024,1,1,January,4,Monday
23,2024-01-23,2024,1,1,January,4,Tuesday
24,2024-01-24,2024,1,1,January,4,Wednesday
25,2024-01-25,2024,1,1,January,4,Thursday
26,2024-01-26,2024,1,1,January,4,Friday
27,2024-01-27,2024,1,1,January,4,Saturday
28,2024-01-28,2024,1,1,January,4,Sunday
29,2024-01-29,2024,1,1,January,5,Monday
30,2024-01-30,2024,1,1,January,5,Tuesday
31,2024-01-31,2024,1,1,January,5,Wednesday
32,2024-02-01,2024,1,2,February,5,Thursday
33,2024-02-02,2024,1,2,February,5,Friday
34,2024-02-03,2024,1,2,February,5,Saturday
35,2024-02-04,2024,1,2,February,5,Sunday
36,2024-02-05,2024,1,2,February,6,Monday
37,2024-02-06,2024,1,2,February,6,Tuesday
38,2024-02-07,2024,1,2,February,6,Wednesday
39,2024-02-08,2024,1,2,February,6,Thursday
40,2024-02-09,2024,1,2,February,6,Friday
41,2024-02-10,2024,1,2,February,6,Saturday
42,2024-02-11,2024,1,2,February,6,Sunday
43,2024-02-12,2024,1,2,February,7,Monday
44,2024-02-13,2024,1,2,February,7,Tuesday
45,2024-02-14,2024,1,2,February,7,Wednesday
46,2024-02-15,2024,1,2,February,7,Thursday
47,2024-02-16,2024,1,2,February,7,Friday
48,2024-02-17,2024,1,2,February,7,Saturday
49,2024-02-18,2024,1,2,February,7,Sunday
50,2024-02-19,2024,1,2,February,8,Monday
51,2024-02-20,2024,1,2,February,8,Tuesday
52,2024-02-21,2024,1,2,February,8,Wednesday
53,2024-02-22,2024,1,2,February,8,Thursday
54,2024-02-23,2024,1,2,February,8,Friday
55,2024-02-24,2024,1,2,February,8,Saturday
56,2024-02-25,2024,1,2,February,8,Sunday
57,2024-02-26,2024,1,2,February,9,Monday
58,2024-02-27,2024,1,2,February,9,Tuesday
59,2024-02-28,2024,1,2,February,9,Wednesday
60,2024-02-29,2024,1,2,February,9,Thursday
61,2024-03-01,2024,1,3,March,9,Friday
62,2024-03-02,2024,1,3,March,9,Saturday
63,2024-03-03,2024,1,3,March,9,Sunday
64,2024-03-04,2024,1,3,March,10,Monday
65,2024-03-05,2024,1,3,March,10,Tuesday
66,2024-03-06,2024,1,3,March,10,Wednesday
67,2024-03-07,2024,1,3,March,10,Thursday
68,2024-03-08,2024,1,3,March,10,Friday
69,2024-03-09,2024,1,3,March,10,Saturday
70,2024-03-10,2024,1,3,March,10,Sunday
71,2024-03-11,2024,1,3,March,11,Monday
72,2024-03-12,2024,1,3,March,11,Tuesday
73,2024-03-13,2024,1,3,March,11,Wednesday
74,2024-03-14,2024,1,3,March,11,Thursday
75,2024-03-15,2024,1,3,March,11,Friday
76,2024-03-16,2024,1,3,March,11,Saturday
77,2024-03-17,2024,1,3,March,11,Sunday
78,2024-03-18,2024,1,3,March,12,Monday
79,2024-03-19,2024,1,3,March,12,Tuesday
80,2024-03-20,2024,1,3,March,12,Wednesday
81,2024-03-21,2024,1,3,March,12,Thursday
82,2024-03-22,2024,1,3,March,12,Friday
83,2024-03-23,2024,1,3,March,12,Saturday
84,2024-03-24,2024,1,3,March,12,Sunday
85,2024-03-25,2024,1,3,March,13,Monday
86,2024-03-26,2024,1,3,March,13,Tuesday
87,2024-03-27,2024,1,3,March,13,Wednesday
88,2024-03-28,2024,1,3,March,13,Thursday
89,2024-03-29,2024,1,3,March,13,Friday
90,2024-03-30,2024,1,3,March,13,Saturday
91,2024-03-31,2024,1,3,March,13,Sunday
92,2024-04-01,2024,2,4,April,14,Monday
93,2024-04-02,2024,2,4,April,14,Tuesday
94,2024-04-03,2024,2,4,April,14,Wednesday
95,2024-04-04,2024,2,4,April,14,Thursday
96,2024-04-05,2024,2,4,April,14,Friday
97,2024-04-06,2024,2,4,April,14,Saturday
98,2024-04-07,2024,2,4,April,14,Sunday
99,2024-04-08,2024,2,4,April,15,Monday
100,2024-04-09,2024,2,4,April,15,Tuesday
101,2024-04-10,2024,2,4,April,15,Wednesday
102,2024-04-11,2024,2,4,April,15,Thursday
103,2024-04-12,2024,2,4,April,15,Friday
104,2024-04-13,2024,2,4,April,15,Saturday
105,2024-04-14,2024,2,4,April,15,Sunday
106,2024-04-15,2024,2,4,April,16,Monday
107,2024-04-16,2024,2,4,April,16,Tuesday
108,2024-04-17,2024,2,4,April,16,Wednesday
109,2024-04-18,2024,2,4,April,16,Thursday
110,2024-04-19,2024,2,4,April,16,Friday
111,2024-04-20,2024,2,4,April,16,Saturday
112,2024-04-21,2024,2,4,April,16,Sunday
113,2024-04-22,2024,2,4,April,17,Monday
114,2024-04-23,2024,2,4,April,17,Tuesday
115,2024-04-24,2024,2,4,April,17,Wednesday
116,2024-04-25,2024,2,4,April,17,Thursday
117,2024-04-26,2024,2,4,April,17,Friday
118,2024-04-27,2024,2,4,April,17,Saturday
119,2024-04-28,2024,2,4,April,17,Sunday
120,2024-04-29,2024,2,4,April,18,Monday
121,2024-04-30,2024,2,4,April,18,Tuesday
122,2024-05-01,2024,2,5,May,18,Wednesday
123,2024-05-02,2024,2,5,May,18,Thursday
124,2024-05-03,2024,2,5,May,18,Friday
125,2024-05-04,2024,2,5,May,18,Saturday
126,2024-05-05,2024,2,5,May,18,Sunday
127,2024-05-06,2024,2,5,May,19,Monday
128,2024-05-07,2024,2,5,May,19,Tuesday
129,2024-05-08,2024,2,5,May,19,Wednesday
130,2024-05-09,2024,2,5,May,19,Thursday
131,2024-05-10,2024,2,5,May,19,Friday
132,2024-05-11,2024,2,5,May,19,Saturday
133,2024-05-12,2024,2,5,May,19,Sunday
134,2024-05-13,2024,2,5,May,20,Monday
135,2024-05-14,2024,2,5,May,20,Tuesday
136,2024-05-15,2024,2,5,May,20,Wednesday
137,2024-05-16,2024,2,5,May,20,Thursday
138,2024-05-17,2024,2,5,May,20,Friday
139,2024-05-18,2024,2,5,May,20,Saturday
140,2024-05-19,2024,2,5,May,20,Sunday
141,2024-05-20,2024,2,5,May,21,Monday
142,2024-05-21,2024,2,5,May,21,Tuesday
143,2024-05-22,2024,2,5,May,21,Wednesday
144,2024-05-23,2024,2,5,May,21,Thursday
145,2024-05-24,2024,2,5,May,21,Friday
146,2024-05-25,2024,2,5,May,21,Saturday
147,2024-05-26,2024,2,5,May,21,Sunday
148,2024-05-27,2024,2,5,May,22,Monday
149,2024-05-28,2024,2,5,May,22,Tuesday
150,2024-05-29,2024,2,5,May,22,Wednesday
151,2024-05-30,2024,2,5,May,22,Thursday
152,2024-05-31,2024,2,5,May,22,Friday
153,2024-06-01,2024,2,6,June,22,Saturday
154,2024-06-02,2024,2,6,June,22,Sunday
155,2024-06-03,2024,2,6,June,23,Monday
156,2024-06-04,2024,2,6,June,23,Tuesday
157,2024-06-05,2024,2,6,June,23,Wednesday
158,2024-06-06,2024,2,6,June,23,Thursday
159,2024-06-07,2024,2,6,June,23,Friday
160,2024-06-08,2024,2,6,June,23,Saturday
161,2024-06-09,2024,2,6,June,23,Sunday
162,2024-06-10,2024,2,6,June,24,Monday
163,2024-06-11,2024,2,6,June,24,Tuesday
164,2024-06-12,2024,2,6,June,24,Wednesday
165,2024-06-13,2024,2,6,June,24,Thursday
166,2024-06-14,2024,2,6,June,24,Friday
167,2024-06-15,2024,2,6,June,24,Saturday
168,2024-06-16,2024,2,6,June,24,Sunday
169,2024-06-17,2024,2,6,June,25,Monday
170,2024-06-18,2024,2,6,June,25,Tuesday
171,2024-06-19,2024,2,6,June,25,Wednesday
172,2024-06-20,2024,2,6,June,25,Thursday
173,2024-06-21,2024,2,6,June,25,Friday
174,2024-06-22,2024,2,6,June,25,Saturday
175,2024-06-23,2024,2,6,June,25,Sunday
176,2024-06-24,2024,2,6,June,26,Monday
177,2024-06-25,2024,2,6,June,26,Tuesday
178,2024-06-26,2024,2,6,June,26,Wednesday
179,2024-06-27,2024,2,6,June,26,Thursday
180,2024-06-28,2024,2,6,June,26,Friday
181,2024-06-29,2024,2,6,June,26,Saturday
182,2024-06-30,2024,2,6,June,26,Sunday
183,2024-07-01,2024,3,7,July,27,Monday
184,2024-07-02,2024,3,7,July,27,Tuesday
185,2024-07-03,2024,3,7,July,27,Wednesday
186,2024-07-04,2024,3,7,July,27,Thursday
187,2024-07-05,2024,3,7,July,27,Friday
188,2024-07-06,2024,3,7,July,27,Saturday
189,2024-07-07,2024,3,7,July,27,Sunday
190,2024-07-08,2024,3,7,July,28,Monday
191,2024-07-09,2024,3,7,July,28,Tuesday
192,2024-07-10,2024,3,7,July,28,Wednesday
193,2024-07-11,2024,3,7,July,28,Thursday
194,2024-07-12,2024,3,7,July,28,Friday
195,2024-07-13,2024,3,7,July,28,Saturday
196,2024-07-14,2024,3,7,July,28,Sunday
197,2024-07-15,2024,3,7,July,29,Monday
198,2024-07-16,2024,3,7,July,29,Tuesday
199,2024-07-17,2024,3,7,July,29,Wednesday
200,2024-07-18,2024,3,7,July,29,Thursday
201,2024-07-19,2024,3,7,July,29,Friday
202,2024-07-20,2024,3,7,July,29,Saturday
203,2024-07-21,2024,3,7,July,29,Sunday
204,2024-07-22,2024,3,7,July,30,Monday
205,2024-07-23,2024,3,7,July,30,Tuesday
206,2024-07-24,2024,3,7,July,30,Wednesday
207,2024-07-25,2024,3,7,July,30,Thursday
208,2024-07-26,2024,3,7,July,30,Friday
209,2024-07-27,2024,3,7,July,30,Saturday
210,2024-07-28,2024,3,7,July,30,Sunday
211,2024-07-29,2024,3,7,July,31,Monday
212,2024-07-30,2024,3,7,July,31,Tuesday
213,2024-07-31,2024,3,7,July,31,Wednesday
214,2024-08-01,2024,3,8,August,31,Thursday
215,2024-08-02,2024,3,8,August,31,Friday
216,2024-08-03,2024,3,8,August,31,Saturday
217,2024-08-04,2024,3,8,August,31,Sunday
218,2024-08-05,2024,3,8,August,32,Monday
219,2024-08-06,2024,3,8,August,32,Tuesday
220,2024-08-07,2024,3,8,August,32,Wednesday
221,2024-08-08,2024,3,8,August,32,Thursday
222,2024-08-09,2024,3,8,August,32,Friday
223,2024-08-10,2024,3,8,August,32,Saturday
224,2024-08-11,2024,3,8,August,32,Sunday
225,2024-08-12,2024,3,8,August,33,Monday
226,2024-08-13,2024,3,8,August,33,Tuesday
227,2024-08-14,2024,3,8,August,33,Wednesday
228,2024-08-15,2024,3,8,August,33,Thursday
229,2024-08-16,2024,3,8,August,33,Friday
230,2024-08-17,2024,3,8,August,33,Saturday
231,2024-08-18,2024,3,8,August,33,Sunday
232,2024-08-19,2024,3,8,August,34,Monday
233,2024-08-20,2024,3,8,August,34,Tuesday
234,2024-08-21,2024,3,8,August,34,Wednesday
235,2024-08-22,2024,3,8,August,34,Thursday
236,2024-08-23,2024,3,8,August,34,Friday
237,2024-08-24,2024,3,8,August,34,Saturday
238,2024-08-25,2024,3,8,August,34,Sunday
239,2024-08-26,2024,3,8,August,35,Monday
240,2024-08-27,2024,3,8,August,35,Tuesday
241,2024-08-28,2024,3,8,August,35,Wednesday
242,2024-08-29,2024,3,8,August,35,Thursday
243,2024-08-30,2024,3,8,August,35,Friday
244,2024-08-31,2024,3,8,August,35,Saturday
245,2024-09-01,2024,3,9,September,35,Sunday
246,2024-09-02,2024,3,9,September,36,Monday
247,2024-09-03,2024,3,9,September,36,Tuesday
248,2024-09-04,2024,3,9,September,36,Wednesday
249,2024-09-05,2024,3,9,September,36,Thursday
250,2024-09-06,2024,3,9,September,36,Friday
251,2024-09-07,2024,3,9,September,36,Saturday
252,2024-09-08,2024,3,9,September,36,Sunday
253,2024-09-09,2024,3,9,September,37,Monday
254,2024-09-10,2024,3,9,September,37,Tuesday
255,2024-09-11,2024,3,9,September,37,Wednesday
256,2024-09-12,2024,3,9,September,37,Thursday
257,2024-09-13,2024,3,9,September,37,Friday
258,2024-09-14,2024,3,9,September,37,Saturday
259,2024-09-15,2024,3,9,September,37,Sunday
260,2024-09-16,2024,3,9,September,38,Monday
261,2024-09-17,2024,3,9,September,38,Tuesday
262,2024-09-18,2024,3,9,September,38,Wednesday
263,2024-09-19,2024,3,9,September,38,Thursday
264,2024-09-20,2024,3,9,September,38,Friday
265,2024-09-21,2024,3,9,September,38,Saturday
266,2024-09-22,2024,3,9,September,38,Sunday
267,2024-09-23,2024,3,9,September,39,Monday
268,2024-09-24,2024,3,9,September,39,Tuesday
269,2024-09-25,2024,3,9,September,39,Wednesday
270,2024-09-26,2024,3,9,September,39,Thursday
271,2024-09-27,2024,3,9,September,39,Friday
272,2024-09-28,2024,3,9,September,39,Saturday
273,2024-09-29,2024,3,9,September,39,Sunday
274,2024-09-30,2024,3,9,September,40,Monday
275,2024-10-01,2024,4,10,October,40,Tuesday
276,2024-10-02,2024,4,10,October,40,Wednesday
277,2024-10-03,2024,4,10,October,40,Thursday
278,2024-10-04,2024,4,10,October,40,Friday
279,2024-10-05,2024,4,10,October,40,Saturday
280,2024-10-06,2024,4,10,October,40,Sunday
281,2024-10-07,2024,4,10,October,41,Monday
282,2024-10-08,2024,4,10,October,41,Tuesday
283,2024-10-09,2024,4,10,October,41,Wednesday
284,2024-10-10,2024,4,10,October,41,Thursday
285,2024-10-11,2024,4,10,October,41,Friday
286,2024-10-12,2024,4,10,October,41,Saturday
287,2024-10-13,2024,4,10,October,41,Sunday
288,2024-10-14,2024,4,10,October,42,Monday
289,2024-10-15,2024,4,10,October,42,Tuesday
290,2024-10-16,2024,4,10,October,42,Wednesday
291,2024-10-17,2024,4,10,October,42,Thursday
292,2024-10-18,2024,4,10,October,42,Friday
293,2024-10-19,2024,4,10,October,42,Saturday
294,2024-10-20,2024,4,10,October,42,Sunday
295,2024-10-21,2024,4,10,October,43,Monday
296,2024-10-22,2024,4,10,October,43,Tuesday
297,2024-10-23,2024,4,10,October,43,Wednesday
298,2024-10-24,2024,4,10,October,43,Thursday
299,2024-10-25,2024,4,10,October,43,Friday
300,2024-10-26,2024,4,10,October,43,Saturday
301,2024-10-27,2024,4,10,October,43,Sunday
302,2024-10-28,2024,4,10,October,44,Monday
303,2024-10-29,2024,4,10,October,44,Tuesday
304,2024-10-30,2024,4,10,October,44,Wednesday
305,2024-10-31,2024,4,10,October,44,Thursday
306,2024-11-01,2024,4,11,November,44,Friday
307,2024-11-02,2024,4,11,November,44,Saturday
308,2024-11-03,2024,4,11,November,44,Sunday
309,2024-11-04,2024,4,11,November,45,Monday
310,2024-11-05,2024,4,11,November,45,Tuesday
311,2024-11-06,2024,4,11,November,45,Wednesday
312,2024-11-07,2024,4,11,November,45,Thursday
313,2024-11-08,2024,4,11,November,45,Friday
314,2024-11-09,2024,4,11,November,45,Saturday
315,2024-11-10,2024,4,11,November,45,Sunday
316,2024-11-11,2024,4,11,November,46,Monday
317,2024-11-12,2024,4,11,November,46,Tuesday
318,2024-11-13,2024,4,11,November,46,Wednesday
319,2024-11-14,2024,4,11,November,46,Thursday
320,2024-11-15,2024,4,11,November,46,Friday
321,2024-11-16,2024,4,11,November,46,Saturday
322,2024-11-17,2024,4,11,November,46,Sunday
323,2024-11-18,2024,4,11,November,47,Monday
324,2024-11-19,2024,4,11,November,47,Tuesday
325,2024-11-20,2024,4,11,November,47,Wednesday
326,2024-11-21,2024,4,11,November,47,Thursday
327,2024-11-22,2024,4,11,November,47,Friday
328,2024-11-23,2024,4,11,November,47,Saturday
329,2024-11-24,2024,4,11,November,47,Sunday
330,2024-11-25,2024,4,11,November,48,Monday
331,2024-11-26,2024,4,11,November,48,Tuesday
332,2024-11-27,2024,4,11,November,48,Wednesday
333,2024-11-28,2024,4,11,November,48,Thursday
334,2024-11-29,2024,4,11,November,48,Friday
335,2024-11-30,2024,4,11,November,48,Saturday
336,2024-12-01,2024,4,12,December,48,Sunday
337,2024-12-02,2024,4,12,December,49,Monday
338,2024-12-03,2024,4,12,December,49,Tuesday
339,2024-12-04,2024,4,12,December,49,Wednesday
340,2024-12-05,2024,4,12,December,49,Thursday
341,2024-12-06,2024,4,12,December,49,Friday
342,2024-12-07,2024,4,12,December,49,Saturday
343,2024-12-08,2024,4,12,December,49,Sunday
344,2024-12-09,2024,4,12,December,50,Monday
345,2024-12-10,2024,4,12,December,50,Tuesday
346,2024-12-11,2024,4,12,December,50,Wednesday
347,2024-12-12,2024,4,12,December,50,Thursday
348,2024-12-13,2024,4,12,December,50,Friday
349,2024-12-14,2024,4,12,December,50,Saturday
350,2024-12-15,2024,4,12,December,50,Sunday
351,2024-12-16,2024,4,12,December,51,Monday
352,2024-12-17,2024,4,12,December,51,Tuesday
353,2024-12-18,2024,4,12,December,51,Wednesday
354,2024-12-19,2024,4,12,December,51,Thursday
355,2024-12-20,2024,4,12,December,51,Friday
356,2024-12-21,2024,4,12,December,51,Saturday
357,2024-12-22,2024,4,12,December,51,Sunday
358,2024-12-23,2024,4,12,December,52,Monday
359,2024-12-24,2024,4,12,December,52,Tuesday
360,2024-12-25,2024,4,12,December,52,Wednesday
361,2024-12-26,2024,4,12,December,52,Thursday
362,2024-12-27,2024,4,12,December,52,Friday
363,2024-12-28,2024,4,12,December,52,Saturday
364,2024-12-29,2024,4,12,December,52,Sunday
365,2024-12-30,2024,4,12,December,1,Monday
366,2024-12-31,2024,4,12,December,1,Tuesday
367,2025-01-01,2025,1,1,January,1,Wednesday
368,2025-01-02,2025,1,1,January,1,Thursday
369,2025-01-03,2025,1,1,January,1,Friday
370,2025-01-04,2025,1,1,January,1,Saturday
371,2025-01-05,2025,1,1,January,1,Sunday
372,2025-01-06,2025,1,1,January,2,Monday
373,2025-01-07,2025,1,1,January,2,Tuesday
374,2025-01-08,2025,1,1,January,2,Wednesday
375,2025-01-09,2025,1,1,January,2,Thursday
376,2025-01-10,2025,1,1,January,2,Friday
377,2025-01-11,2025,1,1,January,2,Saturday
378,2025-01-12,2025,1,1,January,2,Sunday
379,2025-01-13,2025,1,1,January,3,Monday
380,2025-01-14,2025,1,1,January,3,Tuesday
381,2025-01-15,2025,1,1,January,3,Wednesday
382,2025-01-16,2025,1,1,January,3,Thursday
383,2025-01-17,2025,1,1,January,3,Friday
384,2025-01-18,2025,1,1,January,3,Saturday
385,2025-01-19,2025,1,1,January,3,Sunday
386,2025-01-20,2025,1,1,January,4,Monday
387,2025-01-21,2025,1,1,January,4,Tuesday
388,2025-01-22,2025,1,1,January,4,Wednesday
389,2025-01-23,2025,1,1,January,4,Thursday
390,2025-01-24,2025,1,1,January,4,Friday
391,2025-01-25,2025,1,1,January,4,Saturday
392,2025-01-26,2025,1,1,January,4,Sunday
393,2025-01-27,2025,1,1,January,5,Monday
394,2025-01-28,2025,1,1,January,5,Tuesday
395,2025-01-29,2025,1,1,January,5,Wednesday
396,2025-01-30,2025,1,1,January,5,Thursday
397,2025-01-31,2025,1,1,January,5,Friday
398,2025-02-01,2025,1,2,February,5,Saturday
399,2025-02-02,2025,1,2,February,5,Sunday
400,2025-02-03,2025,1,2,February,6,Monday
401,2025-02-04,2025,1,2,February,6,Tuesday
402,2025-02-05,2025,1,2,February,6,Wednesday
403,2025-02-06,2025,1,2,February,6,Thursday
404,2025-02-07,2025,1,2,February,6,Friday
405,2025-02-08,2025,1,2,February,6,Saturday
406,2025-02-09,2025,1,2,February,6,Sunday
407,2025-02-10,2025,1,2,February,7,Monday
408,2025-02-11,2025,1,2,February,7,Tuesday
409,2025-02-12,2025,1,2,February,7,Wednesday
410,2025-02-13,2025,1,2,February,7,Thursday
411,2025-02-14,2025,1,2,February,7,Friday
412,2025-02-15,2025,1,2,February,7,Saturday
413,2025-02-16,2025,1,2,February,7,Sunday
414,2025-02-17,2025,1,2,February,8,Monday
415,2025-02-18,2025,1,2,February,8,Tuesday
416,2025-02-19,2025,1,2,February,8,Wednesday
417,2025-02-20,2025,1,2,February,8,Thursday
418,2025-02-21,2025,1,2,February,8,Friday
419,2025-02-22,2025,1,2,February,8,Saturday
420,2025-02-23,2025,1,2,February,8,Sunday
421,2025-02-24,2025,1,2,February,9,Monday
422,2025-02-25,2025,1,2,February,9,Tuesday
423,2025-02-26,2025,1,2,February,9,Wednesday
424,2025-02-27,2025,1,2,February,9,Thursday
425,2025-02-28,2025,1,2,February,9,Friday
426,2025-03-01,2025,1,3,March,9,Saturday
427,2025-03-02,2025,1,3,March,9,Sunday
428,2025-03-03,2025,1,3,March,10,Monday
429,2025-03-04,2025,1,3,March,10,Tuesday
430,2025-03-05,2025,1,3,March,10,Wednesday
431,2025-03-06,2025,1,3,March,10,Thursday
432,2025-03-07,2025,1,3,March,10,Friday
433,2025-03-08,2025,1,3,March,10,Saturday
434,2025-03-09,2025,1,3,March,10,Sunday
435,2025-03-10,2025,1,3,March,11,Monday
436,2025-03-11,2025,1,3,March,11,Tuesday
437,2025-03-12,2025,1,3,March,11,Wednesday
438,2025-03-13,2025,1,3,March,11,Thursday
439,2025-03-14,2025,1,3,March,11,Friday
440,2025-03-15,2025,1,3,March,11,Saturday
441,2025-03-16,2025,1,3,March,11,Sunday
442,2025-03-17,2025,1,3,March,12,Monday
443,2025-03-18,2025,1,3,March,12,Tuesday
444,2025-03-19,2025,1,3,March,12,Wednesday
445,2025-03-20,2025,1,3,March,12,Thursday
446,2025-03-21,2025,1,3,March,12,Friday
447,2025-03-22,2025,1,3,March,12,Saturday
448,2025-03-23,2025,1,3,March,12,Sunday
449,2025-03-24,2025,1,3,March,13,Monday
450,2025-03-25,2025,1,3,March,13,Tuesday
451,2025-03-26,2025,1,3,March,13,Wednesday
452,2025-03-27,2025,1,3,March,13,Thursday
453,2025-03-28,2025,1,3,March,13,Friday
454,2025-03-29,2025,1,3,March,13,Saturday
455,2025-03-30,2025,1,3,March,13,Sunday
456,2025-03-31,2025,1,3,March,14,Monday
457,2025-04-01,2025,2,4,April,14,Tuesday
458,2025-04-02,2025,2,4,April,14,Wednesday
459,2025-04-03,2025,2,4,April,14,Thursday
460,2025-04-04,2025,2,4,April,14,Friday
461,2025-04-05,2025,2,4,April,14,Saturday
462,2025-04-06,2025,2,4,April,14,Sunday
463,2025-04-07,2025,2,4,April,15,Monday
464,2025-04-08,2025,2,4,April,15,Tuesday
465,2025-04-09,2025,2,4,April,15,Wednesday
466,2025-04-10,2025,2,4,April,15,Thursday
467,2025-04-11,2025,2,4,April,15,Friday
468,2025-04-12,2025,2,4,April,15,Saturday
469,2025-04-13,2025,2,4,April,15,Sunday
470,2025-04-14,2025,2,4,April,16,Monday
471,2025-04-15,2025,2,4,April,16,Tuesday
472,2025-04-16,2025,2,4,April,16,Wednesday
473,2025-04-17,2025,2,4,April,16,Thursday
474,2025-04-18,2025,2,4,April,16,Friday
475,2025-04-19,2025,2,4,April,16,Saturday
476,2025-04-20,2025,2,4,April,16,Sunday
477,2025-04-21,2025,2,4,April,17,Monday
478,2025-04-22,2025,2,4,April,17,Tuesday
479,2025-04-23,2025,2,4,April,17,Wednesday
480,2025-04-24,2025,2,4,April,17,Thursday
481,2025-04-25,2025,2,4,April,17,Friday
482,2025-04-26,2025,2,4,April,17,Saturday
483,2025-04-27,2025,2,4,April,17,Sunday
484,2025-04-28,2025,2,4,April,18,Monday
485,2025-04-29,2025,2,4,April,18,Tuesday
486,2025-04-30,2025,2,4,April,18,Wednesday
487,2025-05-01,2025,2,5,May,18,Thursday
488,2025-05-02,2025,2,5,May,18,Friday
489,2025-05-03,2025,2,5,May,18,Saturday
490,2025-05-04,2025,2,5,May,18,Sunday
491,2025-05-05,2025,2,5,May,19,Monday
492,2025-05-06,2025,2,5,May,19,Tuesday
493,2025-05-07,2025,2,5,May,19,Wednesday
494,2025-05-08,2025,2,5,May,19,Thursday
495,2025-05-09,2025,2,5,May,19,Friday
496,2025-05-10,2025,2,5,May,19,Saturday
497,2025-05-11,2025,2,5,May,19,Sunday
498,2025-05-12,2025,2,5,May,20,Monday
499,2025-05-13,2025,2,5,May,20,Tuesday
500,2025-05-14,2025,2,5,May,20,Wednesday
501,2025-05-15,2025,2,5,May,20,Thursday
502,2025-05-16,2025,2,5,May,20,Friday
503,2025-05-17,2025,2,5,May,20,Saturday
504,2025-05-18,2025,2,5,May,20,Sunday
505,2025-05-19,2025,2,5,May,21,Monday
506,2025-05-20,2025,2,5,May,21,Tuesday
507,2025-05-21,2025,2,5,May,21,Wednesday
508,2025-05-22,2025,2,5,May,21,Thursday
509,2025-05-23,2025,2,5,May,21,Friday
510,2025-05-24,2025,2,5,May,21,Saturday
511,2025-05-25,2025,2,5,May,21,Sunday
512,2025-05-26,2025,2,5,May,22,Monday
513,2025-05-27,2025,2,5,May,22,Tuesday
514,2025-05-28,2025,2,5,May,22,Wednesday
515,2025-05-29,2025,2,5,May,22,Thursday
516,2025-05-30,2025,2,5,May,22,Friday
517,2025-05-31,2025,2,5,May,22,Saturday
518,2025-06-01,2025,2,6,June,22,Sunday
519,2025-06-02,2025,2,6,June,23,Monday
520,2025-06-03,2025,2,6,June,23,Tuesday
521,2025-06-04,2025,2,6,June,23,Wednesday
522,2025-06-05,2025,2,6,June,23,Thursday
523,2025-06-06,2025,2,6,June,23,Friday
524,2025-06-07,2025,2,6,June,23,Saturday
525,2025-06-08,2025,2,6,June,23,Sunday
526,2025-06-09,2025,2,6,June,24,Monday
527,2025-06-10,2025,2,6,June,24,Tuesday
528,2025-06-11,2025,2,6,June,24,Wednesday
529,2025-06-12,2025,2,6,June,24,Thursday
530,2025-06-13,2025,2,6,June,24,Friday
531,2025-06-14,2025,2,6,June,24,Saturday
532,2025-06-15,2025,2,6,June,24,Sunday
533,2025-06-16,2025,2,6,June,25,Monday
534,2025-06-17,2025,2,6,June,25,Tuesday
535,2025-06-18,2025,2,6,June,25,Wednesday
536,2025-06-19,2025,2,6,June,25,Thursday
537,2025-06-20,2025,2,6,June,25,Friday
538,2025-06-21,2025,2,6,June,25,Saturday
539,2025-06-22,2025,2,6,June,25,Sunday
540,2025-06-23,2025,2,6,June,26,Monday
541,2025-06-24,2025,2,6,June,26,Tuesday
542,2025-06-25,2025,2,6,June,26,Wednesday
543,2025-06-26,2025,2,6,June,26,Thursday
544,2025-06-27,2025,2,6,June,26,Friday
545,2025-06-28,2025,2,6,June,26,Saturday
546,2025-06-29,2025,2,6,June,26,Sunday
547,2025-06-30,2025,2,6,June,27,Monday
548,2025-07-01,2025,3,7,July,27,Tuesday
549,2025-07-02,2025,3,7,July,27,Wednesday
550,2025-07-03,2025,3,7,July,27,Thursday
551,2025-07-04,2025,3,7,July,27,Friday
552,2025-07-05,2025,3,7,July,27,Saturday
553,2025-07-06,2025,3,7,July,27,Sunday
554,2025-07-07,2025,3,7,July,28,Monday
555,2025-07-08,2025,3,7,July,28,Tuesday
556,2025-07-09,2025,3,7,July,28,Wednesday
557,2025-07-10,2025,3,7,July,28,Thursday
558,2025-07-11,2025,3,7,July,28,Friday
559,2025-07-12,2025,3,7,July,28,Saturday
560,2025-07-13,2025,3,7,July,28,Sunday
561,2025-07-14,2025,3,7,July,29,Monday
562,2025-07-15,2025,3,7,July,29,Tuesday
563,2025-07-16,2025,3,7,July,29,Wednesday
564,2025-07-17,2025,3,7,July,29,Thursday
565,2025-07-18,2025,3,7,July,29,Friday
566,2025-07-19,2025,3,7,July,29,Saturday
567,2025-07-20,2025,3,7,July,29,Sunday
568,2025-07-21,2025,3,7,July,30,Monday
569,2025-07-22,2025,3,7,July,30,Tuesday
570,2025-07-23,2025,3,7,July,30,Wednesday
571,2025-07-24,2025,3,7,July,30,Thursday
572,2025-07-25,2025,3,7,July,30,Friday
573,2025-07-26,2025,3,7,July,30,Saturday
574,2025-07-27,2025,3,7,July,30,Sunday
575,2025-07-28,2025,3,7,July,31,Monday
576,2025-07-29,2025,3,7,July,31,Tuesday
577,2025-07-30,2025,3,7,July,31,Wednesday
578,2025-07-31,2025,3,7,July,31,Thursday
579,2025-08-01,2025,3,8,August,31,Friday
580,2025-08-02,2025,3,8,August,31,Saturday
581,2025-08-03,2025,3,8,August,31,Sunday
582,2025-08-04,2025,3,8,August,32,Monday
583,2025-08-05,2025,3,8,August,32,Tuesday
584,2025-08-06,2025,3,8,August,32,Wednesday
585,2025-08-07,2025,3,8,August,32,Thursday
586,2025-08-08,2025,3,8,August,32,Friday
587,2025-08-09,2025,3,8,August,32,Saturday
588,2025-08-10,2025,3,8,August,32,Sunday
589,2025-08-11,2025,3,8,August,33,Monday
590,2025-08-12,2025,3,8,August,33,Tuesday
591,2025-08-13,2025,3,8,August,33,Wednesday
592,2025-08-14,2025,3,8,August,33,Thursday
593,2025-08-15,2025,3,8,August,33,Friday
594,2025-08-16,2025,3,8,August,33,Saturday
595,2025-08-17,2025,3,8,August,33,Sunday
596,2025-08-18,2025,3,8,August,34,Monday
597,2025-08-19,2025,3,8,August,34,Tuesday
598,2025-08-20,2025,3,8,August,34,Wednesday
599,2025-08-21,2025,3,8,August,34,Thursday
600,2025-08-22,2025,3,8,August,34,Friday
601,2025-08-23,2025,3,8,August,34,Saturday
602,2025-08-24,2025,3,8,August,34,Sunday
603,2025-08-25,2025,3,8,August,35,Monday
604,2025-08-26,2025,3,8,August,35,Tuesday
605,2025-08-27,2025,3,8,August,35,Wednesday
606,2025-08-28,2025,3,8,August,35,Thursday
607,2025-08-29,2025,3,8,August,35,Friday
608,2025-08-30,2025,3,8,August,35,Saturday
609,2025-08-31,2025,3,8,August,35,Sunday
610,2025-09-01,2025,3,9,September,36,Monday
611,2025-09-02,2025,3,9,September,36,Tuesday
612,2025-09-03,2025,3,9,September,36,Wednesday
613,2025-09-04,2025,3,9,September,36,Thursday
614,2025-09-05,2025,3,9,September,36,Friday
615,2025-09-06,2025,3,9,September,36,Saturday
616,2025-09-07,2025,3,9,September,36,Sunday
617,2025-09-08,2025,3,9,September,37,Monday
618,2025-09-09,2025,3,9,September,37,Tuesday
619,2025-09-10,2025,3,9,September,37,Wednesday
620,2025-09-11,2025,3,9,September,37,Thursday
621,2025-09-12,2025,3,9,September,37,Friday
622,2025-09-13,2025,3,9,September,37,Saturday
623,2025-09-14,2025,3,9,September,37,Sunday
624,2025-09-15,2025,3,9,September,38,Monday
625,2025-09-16,2025,3,9,September,38,Tuesday
626,2025-09-17,2025,3,9,September,38,Wednesday
627,2025-09-18,2025,3,9,September,38,Thursday
628,2025-09-19,2025,3,9,September,38,Friday
629,2025-09-20,2025,3,9,September,38,Saturday
630,2025-09-21,2025,3,9,September,38,Sunday
631,2025-09-22,2025,3,9,September,39,Monday
632,2025-09-23,2025,3,9,September,39,Tuesday
633,2025-09-24,2025,3,9,September,39,Wednesday
634,2025-09-25,2025,3,9,September,39,Thursday
635,2025-09-26,2025,3,9,September,39,Friday
636,2025-09-27,2025,3,9,September,39,Saturday
637,2025-09-28,2025,3,9,September,39,Sunday
638,2025-09-29,2025,3,9,September,40,Monday
639,2025-09-30,2025,3,9,September,40,Tuesday
640,2025-10-01,2025,4,10,October,40,Wednesday
641,2025-10-02,2025,4,10,October,40,Thursday
642,2025-10-03,2025,4,10,October,40,Friday
643,2025-10-04,2025,4,10,October,40,Saturday
644,2025-10-05,2025,4,10,October,40,Sunday
645,2025-10-06,2025,4,10,October,41,Monday
646,2025-10-07,2025,4,10,October,41,Tuesday
647,2025-10-08,2025,4,10,October,41,Wednesday
648,2025-10-09,2025,4,10,October,41,Thursday
649,2025-10-10,2025,4,10,October,41,Friday
650,2025-10-11,2025,4,10,October,41,Saturday
651,2025-10-12,2025,4,10,October,41,Sunday
652,2025-10-13,2025,4,10,October,42,Monday
653,2025-10-14,2025,4,10,October,42,Tuesday
654,2025-10-15,2025,4,10,October,42,Wednesday
655,2025-10-16,2025,4,10,October,42,Thursday
656,2025-10-17,2025,4,10,October,42,Friday
657,2025-10-18,2025,4,10,October,42,Saturday
658,2025-10-19,2025,4,10,October,42,Sunday
659,2025-10-20,2025,4,10,October,43,Monday
660,2025-10-21,2025,4,10,October,43,Tuesday
661,2025-10-22,2025,4,10,October,43,Wednesday
662,2025-10-23,2025,4,10,October,43,Thursday
663,2025-10-24,2025,4,10,October,43,Friday
664,2025-10-25,2025,4,10,October,43,Saturday
665,2025-10-26,2025,4,10,October,43,Sunday
666,2025-10-27,2025,4,10,October,44,Monday
667,2025-10-28,2025,4,10,October,44,Tuesday
668,2025-10-29,2025,4,10,October,44,Wednesday
669,2025-10-30,2025,4,10,October,44,Thursday
670,2025-10-31,2025,4,10,October,44,Friday
671,2025-11-01,2025,4,11,November,44,Saturday
672,2025-11-02,2025,4,11,November,44,Sunday
673,2025-11-03,2025,4,11,November,45,Monday
674,2025-11-04,2025,4,11,November,45,Tuesday
675,2025-11-05,2025,4,11,November,45,Wednesday
676,2025-11-06,2025,4,11,November,45,Thursday
677,2025-11-07,2025,4,11,November,45,Friday
678,2025-11-08,2025,4,11,November,45,Saturday
679,2025-11-09,2025,4,11,November,45,Sunday
680,2025-11-10,2025,4,11,November,46,Monday
681,2025-11-11,2025,4,11,November,46,Tuesday
682,2025-11-12,2025,4,11,November,46,Wednesday
683,2025-11-13,2025,4,11,November,46,Thursday
684,2025-11-14,2025,4,11,November,46,Friday
685,2025-11-15,2025,4,11,November,46,Saturday
686,2025-11-16,2025,4,11,November,46,Sunday
687,2025-11-17,2025,4,11,November,47,Monday
688,2025-11-18,2025,4,11,November,47,Tuesday
689,2025-11-19,2025,4,11,November,47,Wednesday
690,2025-11-20,2025,4,11,November,47,Thursday
691,2025-11-21,2025,4,11,November,47,Friday
692,2025-11-22,2025,4,11,November,47,Saturday
693,2025-11-23,2025,4,11,November,47,Sunday
694,2025-11-24,2025,4,11,November,48,Monday
695,2025-11-25,2025,4,11,November,48,Tuesday
696,2025-11-26,2025,4,11,November,48,Wednesday
697,2025-11-27,2025,4,11,November,48,Thursday
698,2025-11-28,2025,4,11,November,48,Friday
699,2025-11-29,2025,4,11,November,48,Saturday
700,2025-11-30,2025,4,11,November,48,Sunday
701,2025-12-01,2025,4,12,December,49,Monday
702,2025-12-02,2025,4,12,December,49,Tuesday
703,2025-12-03,2025,4,12,December,49,Wednesday
704,2025-12-04,2025,4,12,December,49,Thursday
705,2025-12-05,2025,4,12,December,49,Friday
706,2025-12-06,2025,4,12,December,49,Saturday
707,2025-12-07,2025,4,12,December,49,Sunday
708,2025-12-08,2025,4,12,December,50,Monday
709,2025-12-09,2025,4,12,December,50,Tuesday
710,2025-12-10,2025,4,12,December,50,Wednesday
711,2025-12-11,2025,4,12,December,50,Thursday
712,2025-12-12,2025,4,12,December,50,Friday
713,2025-12-13,2025,4,12,December,50,Saturday
714,2025-12-14,2025,4,12,December,50,Sunday
715,2025-12-15,2025,4,12,December,51,Monday
716,2025-12-16,2025,4,12,December,51,Tuesday
717,2025-12-17,2025,4,12,December,51,Wednesday
718,2025-12-18,2025,4,12,December,51,Thursday
719,2025-12-19,2025,4,12,December,51,Friday
720,2025-12-20,2025,4,12,December,51,Saturday
721,2025-12-21,2025,4,12,December,51,Sunday
722,2025-12-22,2025,4,12,December,52,Monday
723,2025-12-23,2025,4,12,December,52,Tuesday
724,2025-12-24,2025,4,12,December,52,Wednesday
725,2025-12-25,2025,4,12,December,52,Thursday
726,2025-12-26,2025,4,12,December,52,Friday
727,2025-12-27,2025,4,12,December,52,Saturday
728,2025-12-28,2025,4,12,December,52,Sunday
729,2025-12-29,2025,4,12,December,1,Monday
730,2025-12-30,2025,4,12,December,1,Tuesday
731,2025-12-31,2025,4,12,December,1,Wednesday
732,2026-01-01,2026,1,1,January,1,Thursday
733,2026-01-02,2026,1,1,January,1,Friday
734,2026-01-03,2026,1,1,January,1,Saturday
735,2026-01-04,2026,1,1,January,1,Sunday
736,2026-01-05,2026,1,1,January,2,Monday
737,2026-01-06,2026,1,1,January,2,Tuesday
738,2026-01-07,2026,1,1,January,2,Wednesday
739,2026-01-08,2026,1,1,January,2,Thursday
740,2026-01-09,2026,1,1,January,2,Friday
741,2026-01-10,2026,1,1,January,2,Saturday
742,2026-01-11,2026,1,1,January,2,Sunday
743,2026-01-12,2026,1,1,January,3,Monday
744,2026-01-13,2026,1,1,January,3,Tuesday
745,2026-01-14,2026,1,1,January,3,Wednesday
746,2026-01-15,2026,1,1,January,3,Thursday
747,2026-01-16,2026,1,1,January,3,Friday
748,2026-01-17,2026,1,1,January,3,Saturday
749,2026-01-18,2026,1,1,January,3,Sunday
750,2026-01-19,2026,1,1,January,4,Monday
751,2026-01-20,2026,1,1,January,4,Tuesday
752,2026-01-21,2026,1,1,January,4,Wednesday
753,2026-01-22,2026,1,1,January,4,Thursday
754,2026-01-23,2026,1,1,January,4,Friday
755,2026-01-24,2026,1,1,January,4,Saturday
756,2026-01-25,2026,1,1,January,4,Sunday
757,2026-01-26,2026,1,1,January,5,Monday
758,2026-01-27,2026,1,1,January,5,Tuesday
759,2026-01-28,2026,1,1,January,5,Wednesday
760,2026-01-29,2026,1,1,January,5,Thursday
761,2026-01-30,2026,1,1,January,5,Friday
762,2026-01-31,2026,1,1,January,5,Saturday
763,2026-02-01,2026,1,2,February,5,Sunday
764,2026-02-02,2026,1,2,February,6,Monday
765,2026-02-03,2026,1,2,February,6,Tuesday
766,2026-02-04,2026,1,2,February,6,Wednesday
767,2026-02-05,2026,1,2,February,6,Thursday
768,2026-02-06,2026,1,2,February,6,Friday
769,2026-02-07,2026,1,2,February,6,Saturday
770,2026-02-08,2026,1,2,February,6,Sunday
771,2026-02-09,2026,1,2,February,7,Monday
772,2026-02-10,2026,1,2,February,7,Tuesday
773,2026-02-11,2026,1,2,February,7,Wednesday
774,2026-02-12,2026,1,2,February,7,Thursday
775,2026-02-13,2026,1,2,February,7,Friday
776,2026-02-14,2026,1,2,February,7,Saturday
777,2026-02-15,2026,1,2,February,7,Sunday
778,2026-02-16,2026,1,2,February,8,Monday
779,2026-02-17,2026,1,2,February,8,Tuesday
780,2026-02-18,2026,1,2,February,8,Wednesday
781,2026-02-19,2026,1,2,February,8,Thursday
782,2026-02-20,2026,1,2,February,8,Friday
783,2026-02-21,2026,1,2,February,8,Saturday
784,2026-02-22,2026,1,2,February,8,Sunday
785,2026-02-23,2026,1,2,February,9,Monday
786,2026-02-24,2026,1,2,February,9,Tuesday
787,2026-02-25,2026,1,2,February,9,Wednesday
788,2026-02-26,2026,1,2,February,9,Thursday
789,2026-02-27,2026,1,2,February,9,Friday
790,2026-02-28,2026,1,2,February,9,Saturday
791,2026-03-01,2026,1,3,March,9,Sunday
792,2026-03-02,2026,1,3,March,10,Monday
793,2026-03-03,2026,1,3,March,10,Tuesday
794,2026-03-04,2026,1,3,March,10,Wednesday
795,2026-03-05,2026,1,3,March,10,Thursday
796,2026-03-06,2026,1,3,March,10,Friday
797,2026-03-07,2026,1,3,March,10,Saturday
798,2026-03-08,2026,1,3,March,10,Sunday
799,2026-03-09,2026,1,3,March,11,Monday
800,2026-03-10,2026,1,3,March,11,Tuesday
801,2026-03-11,2026,1,3,March,11,Wednesday
802,2026-03-12,2026,1,3,March,11,Thursday
803,2026-03-13,2026,1,3,March,11,Friday
804,2026-03-14,2026,1,3,March,11,Saturday
805,2026-03-15,2026,1,3,March,11,Sunday
806,2026-03-16,2026,1,3,March,12,Monday
807,2026-03-17,2026,1,3,March,12,Tuesday
808,2026-03-18,2026,1,3,March,12,Wednesday
809,2026-03-19,2026,1,3,March,12,Thursday
810,2026-03-20,2026,1,3,March,12,Friday
811,2026-03-21,2026,1,3,March,12,Saturday
812,2026-03-22,2026,1,3,March,12,Sunday
813,2026-03-23,2026,1,3,March,13,Monday
814,2026-03-24,2026,1,3,March,13,Tuesday
815,2026-03-25,2026,1,3,March,13,Wednesday
816,2026-03-26,2026,1,3,March,13,Thursday
817,2026-03-27,2026,1,3,March,13,Friday
818,2026-03-28,2026,1,3,March,13,Saturday
819,2026-03-29,2026,1,3,March,13,Sunday
820,2026-03-30,2026,1,3,March,14,Monday
821,2026-03-31,2026,1,3,March,14,Tuesday
822,2026-04-01,2026,2,4,April,14,Wednesday
823,2026-04-02,2026,2,4,April,14,Thursday
824,2026-04-03,2026,2,4,April,14,Friday
825,2026-04-04,2026,2,4,April,14,Saturday
826,2026-04-05,2026,2,4,April,14,Sunday
827,2026-04-06,2026,2,4,April,15,Monday
828,2026-04-07,2026,2,4,April,15,Tuesday
829,2026-04-08,2026,2,4,April,15,Wednesday
830,2026-04-09,2026,2,4,April,15,Thursday
831,2026-04-10,2026,2,4,April,15,Friday
832,2026-04-11,2026,2,4,April,15,Saturday
833,2026-04-12,2026,2,4,April,15,Sunday
834,2026-04-13,2026,2,4,April,16,Monday
835,2026-04-14,2026,2,4,April,16,Tuesday
836,2026-04-15,2026,2,4,April,16,Wednesday
837,2026-04-16,2026,2,4,April,16,Thursday
838,2026-04-17,2026,2,4,April,16,Friday
839,2026-04-18,2026,2,4,April,16,Saturday
840,2026-04-19,2026,2,4,April,16,Sunday
841,2026-04-20,2026,2,4,April,17,Monday
842,2026-04-21,2026,2,4,April,17,Tuesday
843,2026-04-22,2026,2,4,April,17,Wednesday
844,2026-04-23,2026,2,4,April,17,Thursday
845,2026-04-24,2026,2,4,April,17,Friday
846,2026-04-25,2026,2,4,April,17,Saturday
847,2026-04-26,2026,2,4,April,17,Sunday
848,2026-04-27,2026,2,4,April,18,Monday
849,2026-04-28,2026,2,4,April,18,Tuesday
850,2026-04-29,2026,2,4,April,18,Wednesday
851,2026-04-30,2026,2,4,April,18,Thursday
852,2026-05-01,2026,2,5,May,18,Friday
853,2026-05-02,2026,2,5,May,18,Saturday
854,2026-05-03,2026,2,5,May,18,Sunday
855,2026-05-04,2026,2,5,May,19,Monday
856,2026-05-05,2026,2,5,May,19,Tuesday
857,2026-05-06,2026,2,5,May,19,Wednesday
858,2026-05-07,2026,2,5,May,19,Thursday
859,2026-05-08,2026,2,5,May,19,Friday
860,2026-05-09,2026,2,5,May,19,Saturday
861,2026-05-10,2026,2,5,May,19,Sunday
862,2026-05-11,2026,2,5,May,20,Monday
863,2026-05-12,2026,2,5,May,20,Tuesday
864,2026-05-13,2026,2,5,May,20,Wednesday
865,2026-05-14,2026,2,5,May,20,Thursday
866,2026-05-15,2026,2,5,May,20,Friday
867,2026-05-16,2026,2,5,May,20,Saturday
868,2026-05-17,2026,2,5,May,20,Sunday
869,2026-05-18,2026,2,5,May,21,Monday
870,2026-05-19,2026,2,5,May,21,Tuesday
871,2026-05-20,2026,2,5,May,21,Wednesday
872,2026-05-21,2026,2,5,May,21,Thursday
873,2026-05-22,2026,2,5,May,21,Friday
874,2026-05-23,2026,2,5,May,21,Saturday
875,2026-05-24,2026,2,5,May,21,Sunday
876,2026-05-25,2026,2,5,May,22,Monday
877,2026-05-26,2026,2,5,May,22,Tuesday
878,2026-05-27,2026,2,5,May,22,Wednesday
879,2026-05-28,2026,2,5,May,22,Thursday
880,2026-05-29,2026,2,5,May,22,Friday
881,2026-05-30,2026,2,5,May,22,Saturday
882,2026-05-31,2026,2,5,May,22,Sunday
883,2026-06-01,2026,2,6,June,23,Monday
884,2026-06-02,2026,2,6,June,23,Tuesday
885,2026-06-03,2026,2,6,June,23,Wednesday
886,2026-06-04,2026,2,6,June,23,Thursday
887,2026-06-05,2026,2,6,June,23,Friday
888,2026-06-06,2026,2,6,June,23,Saturday
889,2026-06-07,2026,2,6,June,23,Sunday
890,2026-06-08,2026,2,6,June,24,Monday
891,2026-06-09,2026,2,6,June,24,Tuesday
892,2026-06-10,2026,2,6,June,24,Wednesday
893,2026-06-11,2026,2,6,June,24,Thursday
894,2026-06-12,2026,2,6,June,24,Friday
895,2026-06-13,2026,2,6,June,24,Saturday
896,2026-06-14,2026,2,6,June,24,Sunday
897,2026-06-15,2026,2,6,June,25,Monday
898,2026-06-16,2026,2,6,June,25,Tuesday
899,2026-06-17,2026,2,6,June,25,Wednesday
900,2026-06-18,2026,2,6,June,25,Thursday
901,2026-06-19,2026,2,6,June,25,Friday
902,2026-06-20,2026,2,6,June,25,Saturday
903,2026-06-21,2026,2,6,June,25,Sunday
904,2026-06-22,2026,2,6,June,26,Monday
905,2026-06-23,2026,2,6,June,26,Tuesday
906,2026-06-24,2026,2,6,June,26,Wednesday
907,2026-06-25,2026,2,6,June,26,Thursday
908,2026-06-26,2026,2,6,June,26,Friday
909,2026-06-27,2026,2,6,June,26,Saturday
910,2026-06-28,2026,2,6,June,26,Sunday
911,2026-06-29,2026,2,6,June,27,Monday
912,2026-06-30,2026,2,6,June,27,Tuesday
913,2026-07-01,2026,3,7,July,27,Wednesday
914,2026-07-02,2026,3,7,July,27,Thursday
915,2026-07-03,2026,3,7,July,27,Friday
916,2026-07-04,2026,3,7,July,27,Saturday
917,2026-07-05,2026,3,7,July,27,Sunday
918,2026-07-06,2026,3,7,July,28,Monday
919,2026-07-07,2026,3,7,July,28,Tuesday
920,2026-07-08,2026,3,7,July,28,Wednesday
921,2026-07-09,2026,3,7,July,28,Thursday
922,2026-07-10,2026,3,7,July,28,Friday
923,2026-07-11,2026,3,7,July,28,Saturday
924,2026-07-12,2026,3,7,July,28,Sunday
925,2026-07-13,2026,3,7,July,29,Monday
926,2026-07-14,2026,3,7,July,29,Tuesday
927,2026-07-15,2026,3,7,July,29,Wednesday
928,2026-07-16,2026,3,7,July,29,Thursday
929,2026-07-17,2026,3,7,July,29,Friday
930,2026-07-18,2026,3,7,July,29,Saturday
931,2026-07-19,2026,3,7,July,29,Sunday
932,2026-07-20,2026,3,7,July,30,Monday
933,2026-07-21,2026,3,7,July,30,Tuesday
934,2026-07-22,2026,3,7,July,30,Wednesday
935,2026-07-23,2026,3,7,July,30,Thursday
936,2026-07-24,2026,3,7,July,30,Friday
937,2026-07-25,2026,3,7,July,30,Saturday
938,2026-07-26,2026,3,7,July,30,Sunday
939,2026-07-27,2026,3,7,July,31,Monday
940,2026-07-28,2026,3,7,July,31,Tuesday
941,2026-07-29,2026,3,7,July,31,Wednesday
942,2026-07-30,2026,3,7,July,31,Thursday
943,2026-07-31,2026,3,7,July,31,Friday
944,2026-08-01,2026,3,8,August,31,Saturday
945,2026-08-02,2026,3,8,August,31,Sunday
946,2026-08-03,2026,3,8,August,32,Monday
947,2026-08-04,2026,3,8,August,32,Tuesday
948,2026-08-05,2026,3,8,August,32,Wednesday
949,2026-08-06,2026,3,8,August,32,Thursday
950,2026-08-07,2026,3,8,August,32,Friday
951,2026-08-08,2026,3,8,August,32,Saturday
952,2026-08-09,2026,3,8,August,32,Sunday
953,2026-08-10,2026,3,8,August,33,Monday
954,2026-08-11,2026,3,8,August,33,Tuesday
955,2026-08-12,2026,3,8,August,33,Wednesday
956,2026-08-13,2026,3,8,August,33,Thursday
957,2026-08-14,2026,3,8,August,33,Friday
958,2026-08-15,2026,3,8,August,33,Saturday
959,2026-08-16,2026,3,8,August,33,Sunday
960,2026-08-17,2026,3,8,August,34,Monday
961,2026-08-18,2026,3,8,August,34,Tuesday
962,2026-08-19,2026,3,8,August,34,Wednesday
963,2026-08-20,2026,3,8,August,34,Thursday
964,2026-08-21,2026,3,8,August,34,Friday
965,2026-08-22,2026,3,8,August,34,Saturday
966,2026-08-23,2026,3,8,August,34,Sunday
967,2026-08-24,2026,3,8,August,35,Monday
968,2026-08-25,2026,3,8,August,35,Tuesday
969,2026-08-26,2026,3,8,August,35,Wednesday
970,2026-08-27,2026,3,8,August,35,Thursday
971,2026-08-28,2026,3,8,August,35,Friday
972,2026-08-29,2026,3,8,August,35,Saturday
973,2026-08-30,2026,3,8,August,35,Sunday
974,2026-08-31,2026,3,8,August,36,Monday
