variant_id,product_id,sku,size,color,variant_status
1,1,BH-00001-00001,L,Grey,Active
2,2,BH-00002-00002,XL,Black,Active
3,2,BH-00002-00003,S,Black,Active
4,3,BH-00003-00004,L,Brown,Active
5,3,BH-00003-00005,L,Green,Active
6,3,BH-00003-00006,XL,Red,Active
7,3,BH-00003-00007,S,White,Inactive
8,4,BH-00004-00008,L,Red,Inactive
9,4,BH-00004-00009,M,Red,Active
10,4,BH-00004-00010,S,Black,Active
11,4,BH-00004-00011,XL,Black,Inactive
12,5,BH-00005-00012,S,Grey,Active
13,5,BH-00005-00013,L,Grey,Active
14,5,BH-00005-00014,XS,Beige,Active
15,5,BH-00005-00015,XL,Grey,Inactive
16,6,BH-00006-00016,XS,Blue,Active
17,6,BH-00006-00017,M,Black,Active
18,6,BH-00006-00018,XS,Grey,Active
19,6,BH-00006-00019,XL,Grey,Active
20,7,BH-00007-00020,M,Blue,Inactive
21,7,BH-00007-00021,S,Black,Active
22,7,BH-00007-00022,L,White,Active
23,7,BH-00007-00023,XS,Grey,Active
24,8,BH-00008-00024,S,Green,Active
25,8,BH-00008-00025,XL,Red,Active
26,9,BH-00009-00026,L,Grey,Active
27,9,BH-00009-00027,S,Brown,Inactive
28,9,BH-00009-00028,M,Brown,Inactive
29,9,BH-00009-00029,S,Beige,Active
30,10,BH-00010-00030,L,Grey,Active
31,11,BH-00011-00031,XS,Brown,Active
32,11,BH-00011-00032,L,Brown,Inactive
33,11,BH-00011-00033,L,Red,Active
34,11,BH-00011-00034,S,Brown,Active
35,12,BH-00012-00035,M,Green,Active
36,12,BH-00012-00036,XS,White,Active
37,13,BH-00013-00037,L,Grey,Active
38,13,BH-00013-00038,XL,Green,Active
39,14,BH-00014-00039,M,Grey,Active
40,14,BH-00014-00040,M,Black,Active
41,14,BH-00014-00041,L,Blue,Active
42,14,BH-00014-00042,XS,Blue,Active
43,15,BH-00015-00043,S,Blue,Active
44,15,BH-00015-00044,XL,Brown,Active
45,15,BH-00015-00045,S,Brown,Active
46,15,BH-00015-00046,XL,Blue,Inactive
47,16,BH-00016-00047,M,Grey,Active
48,16,BH-00016-00048,M,Green,Inactive
49,17,BH-00017-00049,L,Red,Active
50,17,BH-00017-00050,M,Brown,Active
51,17,BH-00017-00051,XS,Blue,Active
52,17,BH-00017-00052,XS,Black,Inactive
53,18,BH-00018-00053,L,Red,Active
54,18,BH-00018-00054,XS,Beige,Active
55,18,BH-00018-00055,XL,White,Active
56,19,BH-00019-00056,M,Red,Active
57,19,BH-00019-00057,S,White,Active
58,19,BH-00019-00058,L,Grey,Active
59,20,BH-00020-00059,XL,Black,Active
60,20,BH-00020-00060,XS,Blue,Inactive
61,21,BH-00021-00061,XL,Red,Active
62,21,BH-00021-00062,M,Blue,Inactive
63,22,BH-00022-00063,S,Brown,Active
64,22,BH-00022-00064,L,Brown,Active
65,22,BH-00022-00065,L,Blue,Active
66,22,BH-00022-00066,XS,Red,Inactive
67,23,BH-00023-00067,M,Grey,Active
68,24,BH-00024-00068,S,Brown,Active
69,24,BH-00024-00069,M,White,Active
70,24,BH-00024-00070,XL,Black,Inactive
71,25,BH-00025-00071,L,Grey,Active
72,25,BH-00025-00072,S,Grey,Active
73,26,BH-00026-00073,XS,Grey,Active
74,26,BH-00026-00074,XS,Brown,Active
75,26,BH-00026-00075,L,Black,Active
76,27,BH-00027-00076,XS,Blue,Active
77,27,BH-00027-00077,XS,Grey,Active
78,28,BH-00028-00078,M,Brown,Active
79,29,BH-00029-00079,XL,Beige,Active
80,29,BH-00029-00080,M,Blue,Active
81,30,BH-00030-00081,S,Black,Active
82,30,BH-00030-00082,XL,Red,Active
83,30,BH-00030-00083,M,Brown,Active
84,31,BH-00031-00084,S,Red,Active
85,32,BH-00032-00085,M,Beige,Active
86,32,BH-00032-00086,M,Green,Active
87,33,BH-00033-00087,S,Beige,Active
88,33,BH-00033-00088,M,Green,Inactive
89,33,BH-00033-00089,M,Blue,Active
90,33,BH-00033-00090,S,Brown,Active
91,34,BH-00034-00091,M,White,Active
92,34,BH-00034-00092,M,Blue,Active
93,34,BH-00034-00093,L,Grey,Active
94,34,BH-00034-00094,S,White,Active
95,35,BH-00035-00095,L,Beige,Inactive
96,35,BH-00035-00096,S,Black,Active
97,35,BH-00035-00097,XL,Beige,Active
98,36,BH-00036-00098,XS,White,Active
99,37,BH-00037-00099,S,Blue,Inactive
100,37,BH-00037-00100,M,Brown,Inactive
101,37,BH-00037-00101,S,White,Inactive
102,38,BH-00038-00102,S,Green,Active
103,38,BH-00038-00103,XL,Blue,Inactive
104,38,BH-00038-00104,XL,White,Active
105,39,BH-00039-00105,XS,Blue,Active
106,39,BH-00039-00106,XL,Beige,Active
107,39,BH-00039-00107,XL,Black,Active
108,40,BH-00040-00108,XL,White,Inactive
109,40,BH-00040-00109,XS,Green,Active
110,40,BH-00040-00110,S,Black,Inactive
111,40,BH-00040-00111,S,Grey,Active
112,41,BH-00041-00112,XL,Black,Active
113,41,BH-00041-00113,L,Red,Active
114,42,BH-00042-00114,XL,Beige,Active
115,43,BH-00043-00115,XS,Black,Inactive
116,44,BH-00044-00116,XS,Grey,Active
117,44,BH-00044-00117,S,Green,Active
118,44,BH-00044-00118,XL,Black,Active
119,44,BH-00044-00119,S,Blue,Inactive
120,45,BH-00045-00120,S,Beige,Active
121,45,BH-00045-00121,M,Red,Active
122,45,BH-00045-00122,XL,Black,Active
123,45,BH-00045-00123,S,Blue,Active
124,46,BH-00046-00124,L,Beige,Active
125,47,BH-00047-00125,M,Beige,Active
126,47,BH-00047-00126,L,Green,Active
127,48,BH-00048-00127,XL,Brown,Active
128,49,BH-00049-00128,XS,Grey,Inactive
129,49,BH-00049-00129,XS,Red,Active
130,49,BH-00049-00130,M,Beige,Active
131,50,BH-00050-00131,XL,Blue,Active
132,50,BH-00050-00132,M,Green,Active
133,51,BH-00051-00133,XL,Green,Active
134,51,BH-00051-00134,XL,Beige,Active
135,52,BH-00052-00135,M,Green,Active
136,53,BH-00053-00136,XL,Black,Active
137,53,BH-00053-00137,XS,Grey,Active
138,53,BH-00053-00138,XS,Beige,Active
139,54,BH-00054-00139,XS,Beige,Active
140,54,BH-00054-00140,XL,Red,Active
141,54,BH-00054-00141,L,Brown,Inactive
142,55,BH-00055-00142,L,Black,Active
143,56,BH-00056-00143,S,Brown,Active
144,56,BH-00056-00144,S,Blue,Active
145,56,BH-00056-00145,L,Green,Inactive
146,56,BH-00056-00146,XL,Brown,Active
147,57,BH-00057-00147,M,Black,Active
148,57,BH-00057-00148,XL,Red,Active
149,58,BH-00058-00149,XL,Brown,Active
150,58,BH-00058-00150,M,Green,Active
151,58,BH-00058-00151,S,White,Inactive
152,59,BH-00059-00152,XL,Brown,Inactive
153,59,BH-00059-00153,XS,Beige,Active
154,59,BH-00059-00154,M,Green,Active
155,60,BH-00060-00155,XS,Brown,Active
156,61,BH-00061-00156,XL,White,Inactive
157,61,BH-00061-00157,XL,Green,Active
158,62,BH-00062-00158,S,Green,Active
159,63,BH-00063-00159,XS,Green,Active
160,63,BH-00063-00160,L,Black,Active
161,64,BH-00064-00161,XL,Black,Active
162,65,BH-00065-00162,M,Grey,Inactive
163,65,BH-00065-00163,S,Brown,Active
164,65,BH-00065-00164,XL,Green,Active
165,66,BH-00066-00165,L,Brown,Active
166,66,BH-00066-00166,XS,Red,Active
167,66,BH-00066-00167,XL,White,Active
168,66,BH-00066-00168,S,Grey,Active
169,67,BH-00067-00169,M,Blue,Active
170,67,BH-00067-00170,XS,Blue,Inactive
171,67,BH-00067-00171,M,Beige,Active
172,67,BH-00067-00172,XS,Brown,Active
173,68,BH-00068-00173,M,Beige,Active
174,69,BH-00069-00174,XL,Brown,Inactive
175,70,BH-00070-00175,S,Beige,Active
176,70,BH-00070-00176,XL,Green,Inactive
177,70,BH-00070-00177,L,Grey,Active
178,70,BH-00070-00178,XS,Brown,Active
179,71,BH-00071-00179,M,Beige,Inactive
180,71,BH-00071-00180,XL,Red,Inactive
181,72,BH-00072-00181,L,Grey,Active
182,72,BH-00072-00182,S,Black,Active
183,73,BH-00073-00183,M,White,Active
184,73,BH-00073-00184,L,White,Active
185,74,BH-00074-00185,M,Blue,Active
186,74,BH-00074-00186,S,Red,Active
187,75,BH-00075-00187,L,White,Active
188,76,BH-00076-00188,XL,Grey,Inactive
189,76,BH-00076-00189,XL,Red,Inactive
190,76,BH-00076-00190,S,Red,Active
191,76,BH-00076-00191,XL,Brown,Active
192,77,BH-00077-00192,S,Brown,Active
193,77,BH-00077-00193,M,Brown,Active
194,77,BH-00077-00194,XS,Blue,Active
195,78,BH-00078-00195,XS,White,Active
196,78,BH-00078-00196,L,Green,Inactive
197,78,BH-00078-00197,XL,White,Inactive
198,79,BH-00079-00198,L,Black,Active
199,79,BH-00079-00199,L,Green,Active
200,79,BH-00079-00200,M,Beige,Active
201,80,BH-00080-00201,XL,Beige,Active
202,81,BH-00081-00202,M,Green,Active
203,81,BH-00081-00203,L,Beige,Inactive
204,81,BH-00081-00204,XL,Beige,Active
205,81,BH-00081-00205,S,Grey,Active
206,82,BH-00082-00206,XS,Green,Active
207,83,BH-00083-00207,XS,White,Active
208,84,BH-00084-00208,M,Red,Active
209,85,BH-00085-00209,M,Grey,Inactive
210,85,BH-00085-00210,XL,Brown,Active
211,85,BH-00085-00211,M,White,Active
212,86,BH-00086-00212,XL,Brown,Active
213,87,BH-00087-00213,XS,Grey,Active
214,87,BH-00087-00214,M,Grey,Active
215,87,BH-00087-00215,M,Beige,Inactive
216,87,BH-00087-00216,S,Grey,Active
217,88,BH-00088-00217,L,Beige,Inactive
218,88,BH-00088-00218,L,Grey,Active
219,89,BH-00089-00219,S,Green,Active
220,89,BH-00089-00220,S,White,Inactive
221,89,BH-00089-00221,XS,Black,Inactive
222,89,BH-00089-00222,M,Red,Active
223,90,BH-00090-00223,XS,Grey,Active
224,90,BH-00090-00224,M,Beige,Inactive
225,91,BH-00091-00225,L,Green,Active
226,91,BH-00091-00226,XS,Red,Active
227,92,BH-00092-00227,XS,Grey,Inactive
228,92,BH-00092-00228,XL,Red,Active
229,92,BH-00092-00229,S,Brown,Inactive
230,92,BH-00092-00230,L,Black,Active
231,93,BH-00093-00231,M,Black,Active
232,93,BH-00093-00232,XS,Red,Active
233,94,BH-00094-00233,M,Blue,Inactive
234,94,BH-00094-00234,M,Black,Active
235,94,BH-00094-00235,M,Beige,Active
236,94,BH-00094-00236,L,Green,Active
237,95,BH-00095-00237,XL,Black,Inactive
238,95,BH-00095-00238,L,Blue,Inactive
239,96,BH-00096-00239,XS,Black,Active
240,96,BH-00096-00240,XL,Black,Active
241,96,BH-00096-00241,XS,Grey,Active
242,96,BH-00096-00242,XL,Brown,Active
243,97,BH-00097-00243,S,Red,Active
244,98,BH-00098-00244,L,Brown,Active
245,98,BH-00098-00245,XS,Beige,Active
246,98,BH-00098-00246,L,Beige,Active
247,98,BH-00098-00247,XS,Black,Active
248,99,BH-00099-00248,XL,Green,Inactive
249,100,BH-00100-00249,XL,White,Active
250,100,BH-00100-00250,XS,Grey,Inactive
251,100,BH-00100-00251,XL,Beige,Active
252,100,BH-00100-00252,L,Brown,Active
253,101,BH-00101-00253,XL,Red,Active
254,101,BH-00101-00254,M,White,Active
255,101,BH-00101-00255,XS,Grey,Active
256,101,BH-00101-00256,M,Grey,Active
257,102,BH-00102-00257,XS,Brown,Active
258,102,BH-00102-00258,L,Black,Active
259,102,BH-00102-00259,XS,Blue,Active
260,103,BH-00103-00260,M,Beige,Active
261,103,BH-00103-00261,L,Green,Active
262,103,BH-00103-00262,XS,Green,Active
263,104,BH-00104-00263,S,Beige,Active
264,105,BH-00105-00264,M,White,Active
265,105,BH-00105-00265,XS,Brown,Active
266,105,BH-00105-00266,S,Beige,Active
267,106,BH-00106-00267,M,Brown,Active
268,106,BH-00106-00268,L,Brown,Active
269,107,BH-00107-00269,XS,White,Inactive
270,107,BH-00107-00270,M,Blue,Active
271,108,BH-00108-00271,M,Grey,Active
272,108,BH-00108-00272,L,Red,Inactive
273,108,BH-00108-00273,XS,White,Active
274,109,BH-00109-00274,L,Red,Inactive
275,109,BH-00109-00275,M,White,Active
276,109,BH-00109-00276,XL,White,Inactive
277,110,BH-00110-00277,XS,Blue,Active
278,110,BH-00110-00278,M,Brown,Active
279,111,BH-00111-00279,L,Beige,Active
280,111,BH-00111-00280,XS,Red,Inactive
281,112,BH-00112-00281,XL,Green,Active
282,113,BH-00113-00282,XL,Black,Active
283,113,BH-00113-00283,M,Red,Active
284,114,BH-00114-00284,S,Black,Active
285,115,BH-00115-00285,M,Green,Active
286,115,BH-00115-00286,M,Grey,Active
287,116,BH-00116-00287,L,Blue,Active
288,116,BH-00116-00288,M,White,Active
289,116,BH-00116-00289,M,Grey,Active
290,117,BH-00117-00290,XL,Green,Inactive
291,117,BH-00117-00291,L,Green,Inactive
292,118,BH-00118-00292,XL,Brown,Active
293,119,BH-00119-00293,M,Blue,Inactive
294,119,BH-00119-00294,S,Blue,Active
295,119,BH-00119-00295,XL,Red,Active
296,120,BH-00120-00296,XS,Black,Active
297,121,BH-00121-00297,XL,Brown,Active
298,121,BH-00121-00298,XS,Blue,Active
299,121,BH-00121-00299,S,Red,Active
300,121,BH-00121-00300,L,Blue,Active
301,122,BH-00122-00301,XL,Black,Active
302,122,BH-00122-00302,XL,Grey,Inactive
303,122,BH-00122-00303,M,Blue,Active
304,123,BH-00123-00304,S,Green,Active
305,124,BH-00124-00305,M,Blue,Active
306,125,BH-00125-00306,XS,Beige,Active
307,125,BH-00125-00307,L,Red,Active
308,125,BH-00125-00308,L,Grey,Active
309,125,BH-00125-00309,L,Brown,Active
310,126,BH-00126-00310,L,Blue,Active
311,126,BH-00126-00311,L,White,Inactive
312,126,BH-00126-00312,M,Red,Active
313,126,BH-00126-00313,M,Brown,Inactive
314,127,BH-00127-00314,XL,Green,Active
315,127,BH-00127-00315,XL,Brown,Inactive
316,127,BH-00127-00316,L,White,Active
317,127,BH-00127-00317,M,Brown,Active
318,128,BH-00128-00318,XS,Brown,Inactive
319,128,BH-00128-00319,XS,Red,Active
320,129,BH-00129-00320,XL,White,Active
321,129,BH-00129-00321,XS,White,Inactive
322,130,BH-00130-00322,XS,Grey,Active
323,130,BH-00130-00323,XS,Blue,Active
324,130,BH-00130-00324,M,Beige,Active
325,130,BH-00130-00325,L,Red,Active
326,131,BH-00131-00326,S,White,Inactive
327,132,BH-00132-00327,XL,Grey,Active
328,132,BH-00132-00328,L,Red,Active
329,132,BH-00132-00329,L,Brown,Active
330,132,BH-00132-00330,XS,Grey,Active
331,133,BH-00133-00331,M,Beige,Active
332,133,BH-00133-00332,XL,Brown,Active
333,133,BH-00133-00333,M,Green,Inactive
334,134,BH-00134-00334,XL,Blue,Active
335,134,BH-00134-00335,M,Beige,Active
336,134,BH-00134-00336,M,Black,Inactive
337,135,BH-00135-00337,S,Green,Active
338,135,BH-00135-00338,XL,Green,Active
339,136,BH-00136-00339,XS,Red,Inactive
340,137,BH-00137-00340,L,Grey,Active
341,137,BH-00137-00341,XS,Black,Active
342,137,BH-00137-00342,S,White,Active
343,137,BH-00137-00343,XS,Green,Inactive
344,138,BH-00138-00344,M,Red,Active
345,138,BH-00138-00345,XS,Green,Active
346,138,BH-00138-00346,XS,Red,Active
347,139,BH-00139-00347,L,Green,Active
348,140,BH-00140-00348,XL,Brown,Active
349,140,BH-00140-00349,XL,Red,Inactive
350,140,BH-00140-00350,L,Grey,Inactive
351,141,BH-00141-00351,L,Blue,Inactive
352,141,BH-00141-00352,L,Brown,Active
353,141,BH-00141-00353,XL,Black,Active
354,142,BH-00142-00354,L,Brown,Active
355,142,BH-00142-00355,L,Green,Inactive
356,142,BH-00142-00356,L,Red,Inactive
357,143,BH-00143-00357,XL,White,Active
358,144,BH-00144-00358,L,Beige,Active
359,144,BH-00144-00359,L,Blue,Active
360,144,BH-00144-00360,XS,Blue,Active
361,144,BH-00144-00361,M,Brown,Inactive
362,145,BH-00145-00362,XL,Beige,Inactive
363,145,BH-00145-00363,M,Blue,Inactive
364,146,BH-00146-00364,M,Black,Inactive
365,147,BH-00147-00365,XS,White,Active
366,147,BH-00147-00366,M,Brown,Active
367,147,BH-00147-00367,XL,Red,Inactive
368,148,BH-00148-00368,XS,Black,Active
369,149,BH-00149-00369,XS,Blue,Active
370,149,BH-00149-00370,XL,Grey,Inactive
371,149,BH-00149-00371,L,Grey,Inactive
372,149,BH-00149-00372,XS,Brown,Active
373,150,BH-00150-00373,S,Brown,Active
374,150,BH-00150-00374,XS,Beige,Active
375,150,BH-00150-00375,XS,Green,Active
376,151,BH-00151-00376,M,Black,Inactive
377,151,BH-00151-00377,M,Blue,Active
378,151,BH-00151-00378,L,Red,Active
379,151,BH-00151-00379,XL,Green,Active
380,152,BH-00152-00380,S,Red,Inactive
381,152,BH-00152-00381,M,Blue,Inactive
382,153,BH-00153-00382,XL,Blue,Active
383,153,BH-00153-00383,M,Red,Active
384,153,BH-00153-00384,XS,Blue,Active
385,153,BH-00153-00385,XL,Brown,Active
386,154,BH-00154-00386,XS,Grey,Active
387,154,BH-00154-00387,M,Grey,Active
388,154,BH-00154-00388,XL,Green,Inactive
389,155,BH-00155-00389,S,Brown,Active
390,155,BH-00155-00390,M,White,Active
391,155,BH-00155-00391,XL,Brown,Active
392,156,BH-00156-00392,M,Black,Active
393,156,BH-00156-00393,M,Beige,Active
394,156,BH-00156-00394,M,Blue,Active
395,157,BH-00157-00395,S,Black,Active
396,158,BH-00158-00396,S,Green,Active
397,158,BH-00158-00397,S,Red,Inactive
398,159,BH-00159-00398,XL,Blue,Active
399,159,BH-00159-00399,M,Beige,Inactive
400,159,BH-00159-00400,XL,Brown,Active
401,160,BH-00160-00401,XL,Blue,Active
402,160,BH-00160-00402,XL,Red,Active
403,160,BH-00160-00403,M,Blue,Inactive
404,161,BH-00161-00404,S,Green,Inactive
405,161,BH-00161-00405,L,White,Active
406,161,BH-00161-00406,L,Grey,Active
407,161,BH-00161-00407,S,Brown,Active
408,162,BH-00162-00408,S,White,Active
409,162,BH-00162-00409,S,Brown,Active
410,163,BH-00163-00410,XS,Green,Active
411,163,BH-00163-00411,L,Green,Inactive
412,164,BH-00164-00412,M,Brown,Active
413,164,BH-00164-00413,XL,Beige,Active
414,164,BH-00164-00414,L,Blue,Inactive
415,165,BH-00165-00415,XL,Blue,Inactive
416,165,BH-00165-00416,M,White,Active
417,165,BH-00165-00417,M,Blue,Active
418,166,BH-00166-00418,L,Blue,Inactive
419,166,BH-00166-00419,L,Green,Inactive
420,167,BH-00167-00420,XS,Black,Inactive
421,167,BH-00167-00421,XL,Grey,Active
422,168,BH-00168-00422,XS,Black,Active
423,168,BH-00168-00423,M,Black,Inactive
424,169,BH-00169-00424,S,Green,Inactive
425,169,BH-00169-00425,S,Black,Active
426,170,BH-00170-00426,XS,Grey,Active
427,170,BH-00170-00427,L,Black,Inactive
428,170,BH-00170-00428,L,Red,Active
429,170,BH-00170-00429,XL,Blue,Active
430,171,BH-00171-00430,S,Red,Active
431,171,BH-00171-00431,XS,Blue,Active
432,172,BH-00172-00432,XL,White,Active
433,172,BH-00172-00433,XS,Green,Active
434,173,BH-00173-00434,XS,Blue,Active
435,173,BH-00173-00435,M,Green,Inactive
436,174,BH-00174-00436,XL,Green,Active
437,174,BH-00174-00437,S,Blue,Active
438,175,BH-00175-00438,XL,Red,Inactive
439,176,BH-00176-00439,S,White,Active
440,176,BH-00176-00440,XL,Red,Active
441,176,BH-00176-00441,M,Red,Inactive
442,177,BH-00177-00442,XS,White,Active
443,177,BH-00177-00443,XS,Blue,Active
444,177,BH-00177-00444,XS,Beige,Active
445,178,BH-00178-00445,XL,White,Inactive
446,179,BH-00179-00446,XS,Black,Active
447,180,BH-00180-00447,M,White,Active
448,180,BH-00180-00448,M,Grey,Inactive
449,180,BH-00180-00449,M,Black,Active
450,181,BH-00181-00450,M,Green,Active
451,181,BH-00181-00451,XS,Beige,Inactive
452,181,BH-00181-00452,XL,Brown,Active
453,181,BH-00181-00453,S,White,Inactive
454,182,BH-00182-00454,M,Beige,Active
455,182,BH-00182-00455,XL,Beige,Active
456,182,BH-00182-00456,S,Grey,Inactive
457,183,BH-00183-00457,S,Green,Inactive
458,184,BH-00184-00458,L,Blue,Active
459,185,BH-00185-00459,M,Grey,Active
460,185,BH-00185-00460,XL,Black,Inactive
461,185,BH-00185-00461,XS,Grey,Active
462,186,BH-00186-00462,XS,Grey,Active
463,186,BH-00186-00463,L,Grey,Inactive
464,187,BH-00187-00464,S,Grey,Inactive
465,187,BH-00187-00465,S,Black,Inactive
466,187,BH-00187-00466,XS,Green,Active
467,188,BH-00188-00467,L,White,Active
468,189,BH-00189-00468,XS,White,Inactive
469,189,BH-00189-00469,M,Black,Inactive
470,189,BH-00189-00470,S,Black,Inactive
471,190,BH-00190-00471,M,Beige,Active
472,191,BH-00191-00472,S,White,Active
473,191,BH-00191-00473,XL,Black,Inactive
474,191,BH-00191-00474,M,Green,Active
475,192,BH-00192-00475,XS,Blue,Active
476,192,BH-00192-00476,XS,Red,Active
477,192,BH-00192-00477,S,Grey,Inactive
478,193,BH-00193-00478,XS,Black,Active
479,193,BH-00193-00479,M,White,Active
480,193,BH-00193-00480,XL,Brown,Inactive
481,193,BH-00193-00481,S,Green,Active
482,194,BH-00194-00482,M,Green,Active
483,195,BH-00195-00483,L,Green,Active
484,195,BH-00195-00484,S,Brown,Active
485,195,BH-00195-00485,XL,White,Active
486,195,BH-00195-00486,XL,Green,Inactive
487,196,BH-00196-00487,XS,Brown,Active
488,197,BH-00197-00488,M,Red,Inactive
489,197,BH-00197-00489,XS,Brown,Inactive
490,197,BH-00197-00490,L,Red,Active
491,198,BH-00198-00491,M,White,Active
492,198,BH-00198-00492,XL,Blue,Active
493,198,BH-00198-00493,L,White,Inactive
494,199,BH-00199-00494,XL,Beige,Active
495,199,BH-00199-00495,S,Blue,Active
496,199,BH-00199-00496,XL,Grey,Active
497,199,BH-00199-00497,S,Red,Active
498,200,BH-00200-00498,L,Grey,Active
499,201,BH-00201-00499,L,Beige,Active
500,201,BH-00201-00500,M,Black,Inactive
501,201,BH-00201-00501,XL,Grey,Inactive
502,202,BH-00202-00502,L,Green,Active
503,202,BH-00202-00503,XS,White,Active
504,202,BH-00202-00504,L,Red,Active
505,202,BH-00202-00505,S,Beige,Inactive
506,203,BH-00203-00506,XL,Grey,Inactive
507,203,BH-00203-00507,S,Grey,Active
508,204,BH-00204-00508,L,Green,Active
509,204,BH-00204-00509,S,Red,Active
510,205,BH-00205-00510,M,Beige,Active
511,205,BH-00205-00511,M,Black,Active
512,205,BH-00205-00512,S,Red,Active
513,206,BH-00206-00513,L,White,Active
514,206,BH-00206-00514,XS,Blue,Active
515,207,BH-00207-00515,S,Black,Inactive
516,208,BH-00208-00516,S,White,Active
517,208,BH-00208-00517,M,Brown,Active
518,208,BH-00208-00518,XL,Blue,Active
519,209,BH-00209-00519,S,Beige,Active
520,209,BH-00209-00520,M,Green,Active
521,210,BH-00210-00521,M,Blue,Active
522,210,BH-00210-00522,XS,Black,Active
523,211,BH-00211-00523,XL,White,Active
524,212,BH-00212-00524,M,Beige,Active
525,212,BH-00212-00525,S,Blue,Active
526,212,BH-00212-00526,L,Blue,Inactive
527,213,BH-00213-00527,XL,Black,Inactive
528,213,BH-00213-00528,L,Beige,Active
529,213,BH-00213-00529,XL,Green,Active
530,213,BH-00213-00530,M,White,Inactive
531,214,BH-00214-00531,S,Green,Active
532,214,BH-00214-00532,XS,Brown,Inactive
533,215,BH-00215-00533,L,Red,Active
534,215,BH-00215-00534,M,White,Active
535,215,BH-00215-00535,S,Red,Active
536,216,BH-00216-00536,XL,Blue,Active
537,217,BH-00217-00537,L,Grey,Active
538,217,BH-00217-00538,XL,Blue,Inactive
539,217,BH-00217-00539,M,Black,Inactive
540,218,BH-00218-00540,L,Black,Active
541,219,BH-00219-00541,XL,Red,Active
542,219,BH-00219-00542,S,Beige,Active
543,219,BH-00219-00543,XS,Red,Active
544,220,BH-00220-00544,XL,Green,Active
545,221,BH-00221-00545,M,Black,Active
546,221,BH-00221-00546,XS,White,Inactive
547,221,BH-00221-00547,L,White,Inactive
548,222,BH-00222-00548,XL,Grey,Active
549,222,BH-00222-00549,M,Green,Active
550,222,BH-00222-00550,S,Blue,Active
551,223,BH-00223-00551,XS,Black,Inactive
552,223,BH-00223-00552,XS,Beige,Active
553,224,BH-00224-00553,S,Green,Active
554,224,BH-00224-00554,M,Red,Active
555,224,BH-00224-00555,XL,Red,Active
556,224,BH-00224-00556,XS,Blue,Active
557,225,BH-00225-00557,XL,Black,Active
558,226,BH-00226-00558,XL,White,Active
559,226,BH-00226-00559,S,Green,Inactive
560,226,BH-00226-00560,S,White,Active
561,226,BH-00226-00561,XL,Black,Active
562,227,BH-00227-00562,XS,Beige,Active
563,228,BH-00228-00563,XL,Green,Active
564,228,BH-00228-00564,M,Beige,Active
565,229,BH-00229-00565,M,Grey,Active
566,229,BH-00229-00566,XL,Beige,Active
567,229,BH-00229-00567,XL,Brown,Active
568,230,BH-00230-00568,M,Brown,Active
569,230,BH-00230-00569,XL,Beige,Active
570,231,BH-00231-00570,M,Black,Inactive
571,231,BH-00231-00571,S,Black,Inactive
572,232,BH-00232-00572,L,Black,Inactive
573,232,BH-00232-00573,L,Brown,Inactive
574,232,BH-00232-00574,S,White,Inactive
575,233,BH-00233-00575,M,Blue,Active
576,233,BH-00233-00576,L,Black,Active
577,233,BH-00233-00577,XL,Blue,Active
578,234,BH-00234-00578,XS,Red,Active
579,234,BH-00234-00579,L,White,Active
580,234,BH-00234-00580,XS,Brown,Active
581,234,BH-00234-00581,M,Red,Active
582,235,BH-00235-00582,L,Blue,Active
583,235,BH-00235-00583,L,Grey,Active
584,235,BH-00235-00584,S,Grey,Active
585,235,BH-00235-00585,M,Black,Active
586,236,BH-00236-00586,XL,Green,Active
587,236,BH-00236-00587,M,White,Active
588,236,BH-00236-00588,L,Beige,Inactive
589,237,BH-00237-00589,XS,Beige,Active
590,237,BH-00237-00590,S,Beige,Active
591,237,BH-00237-00591,L,Blue,Inactive
592,238,BH-00238-00592,M,Brown,Active
593,238,BH-00238-00593,XS,Blue,Active
594,239,BH-00239-00594,L,Blue,Active
595,239,BH-00239-00595,L,Red,Active
596,239,BH-00239-00596,XL,Green,Active
597,239,BH-00239-00597,L,Green,Active
598,240,BH-00240-00598,XL,Blue,Active
599,240,BH-00240-00599,XS,Grey,Active
600,240,BH-00240-00600,S,Grey,Active
601,241,BH-00241-00601,M,Blue,Active
602,241,BH-00241-00602,XL,Black,Active
603,242,BH-00242-00603,XS,Grey,Active
604,242,BH-00242-00604,L,Blue,Active
605,242,BH-00242-00605,XL,Blue,Inactive
606,243,BH-00243-00606,XS,Brown,Inactive
607,244,BH-00244-00607,L,White,Inactive
608,244,BH-00244-00608,XS,Brown,Active
609,244,BH-00244-00609,S,Blue,Active
610,244,BH-00244-00610,L,Beige,Inactive
611,245,BH-00245-00611,S,Beige,Active
612,245,BH-00245-00612,M,Grey,Inactive
613,245,BH-00245-00613,XL,Green,Active
614,246,BH-00246-00614,S,Blue,Active
615,246,BH-00246-00615,XS,Blue,Active
616,246,BH-00246-00616,XL,Green,Active
617,247,BH-00247-00617,L,Green,Active
618,247,BH-00247-00618,M,Red,Active
619,248,BH-00248-00619,XL,Green,Active
620,248,BH-00248-00620,M,White,Inactive
621,248,BH-00248-00621,XL,Brown,Active
622,248,BH-00248-00622,S,Brown,Active
623,249,BH-00249-00623,M,Red,Active
624,249,BH-00249-00624,XL,Blue,Inactive
625,249,BH-00249-00625,S,Red,Inactive
626,250,BH-00250-00626,XL,Blue,Inactive
627,250,BH-00250-00627,XL,Beige,Active
628,250,BH-00250-00628,L,Beige,Inactive
629,250,BH-00250-00629,S,Brown,Active
630,251,BH-00251-00630,L,Red,Active
631,251,BH-00251-00631,S,Green,Active
632,252,BH-00252-00632,S,Blue,Active
633,252,BH-00252-00633,M,Green,Active
634,252,BH-00252-00634,M,Blue,Active
635,253,BH-00253-00635,XL,Blue,Inactive
636,253,BH-00253-00636,M,White,Active
637,253,BH-00253-00637,XS,Black,Active
638,254,BH-00254-00638,L,White,Inactive
639,254,BH-00254-00639,S,White,Active
640,255,BH-00255-00640,L,Black,Active
641,255,BH-00255-00641,S,Red,Inactive
642,255,BH-00255-00642,S,White,Inactive
643,255,BH-00255-00643,XS,Black,Active
644,256,BH-00256-00644,L,Beige,Inactive
645,256,BH-00256-00645,S,Beige,Active
646,257,BH-00257-00646,XL,White,Active
647,258,BH-00258-00647,S,Blue,Active
648,258,BH-00258-00648,XL,White,Active
649,258,BH-00258-00649,M,Black,Active
650,258,BH-00258-00650,XL,Green,Active
651,259,BH-00259-00651,M,Green,Active
652,260,BH-00260-00652,M,Blue,Active
653,261,BH-00261-00653,L,Black,Inactive
654,261,BH-00261-00654,XS,Beige,Active
655,261,BH-00261-00655,M,Black,Active
656,261,BH-00261-00656,L,Grey,Active
657,262,BH-00262-00657,S,Blue,Active
658,262,BH-00262-00658,M,White,Active
659,262,BH-00262-00659,S,Black,Active
660,262,BH-00262-00660,L,Brown,Active
661,263,BH-00263-00661,L,Grey,Inactive
662,263,BH-00263-00662,XL,Brown,Inactive
663,264,BH-00264-00663,S,Blue,Active
664,264,BH-00264-00664,L,Grey,Inactive
665,265,BH-00265-00665,M,White,Inactive
666,266,BH-00266-00666,XS,Green,Inactive
667,266,BH-00266-00667,XL,Black,Active
668,267,BH-00267-00668,S,Green,Active
669,268,BH-00268-00669,M,Black,Active
670,269,BH-00269-00670,XS,Red,Inactive
671,270,BH-00270-00671,XS,Black,Active
672,270,BH-00270-00672,L,Grey,Inactive
673,270,BH-00270-00673,S,White,Active
674,270,BH-00270-00674,XL,Blue,Inactive
675,271,BH-00271-00675,M,Red,Inactive
676,271,BH-00271-00676,XS,Black,Active
677,271,BH-00271-00677,S,Green,Active
678,272,BH-00272-00678,S,Blue,Inactive
679,272,BH-00272-00679,S,Green,Active
680,272,BH-00272-00680,L,Grey,Active
681,273,BH-00273-00681,S,Red,Active
682,273,BH-00273-00682,L,White,Active
683,274,BH-00274-00683,XL,Black,Inactive
684,274,BH-00274-00684,XS,Blue,Active
685,274,BH-00274-00685,XS,White,Active
686,274,BH-00274-00686,S,Grey,Inactive
687,275,BH-00275-00687,XS,Beige,Active
688,275,BH-00275-00688,XS,Red,Inactive
689,275,BH-00275-00689,S,White,Inactive
690,275,BH-00275-00690,XL,Beige,Inactive
691,276,BH-00276-00691,M,White,Active
692,276,BH-00276-00692,S,Red,Active
693,276,BH-00276-00693,XL,Blue,Active
694,276,BH-00276-00694,L,Black,Active
695,277,BH-00277-00695,M,Red,Inactive
696,277,BH-00277-00696,S,Grey,Active
697,277,BH-00277-00697,XS,Green,Active
698,278,BH-00278-00698,L,Blue,Active
699,278,BH-00278-00699,S,Red,Active
700,278,BH-00278-00700,L,Black,Inactive
701,278,BH-00278-00701,S,Green,Active
702,279,BH-00279-00702,L,Blue,Active
703,279,BH-00279-00703,M,White,Active
704,280,BH-00280-00704,M,Grey,Active
705,280,BH-00280-00705,XL,Black,Active
706,281,BH-00281-00706,XS,White,Active
707,282,BH-00282-00707,L,Grey,Inactive
708,282,BH-00282-00708,XS,Brown,Inactive
709,282,BH-00282-00709,XS,Red,Inactive
710,282,BH-00282-00710,M,Brown,Inactive
711,283,BH-00283-00711,XS,Blue,Active
712,283,BH-00283-00712,M,Green,Active
713,284,BH-00284-00713,S,Grey,Active
714,285,BH-00285-00714,XL,Black,Active
715,286,BH-00286-00715,XS,Red,Active
716,287,BH-00287-00716,XS,White,Active
717,288,BH-00288-00717,XS,Blue,Active
718,288,BH-00288-00718,S,White,Active
719,288,BH-00288-00719,M,Blue,Active
720,288,BH-00288-00720,S,Beige,Active
721,289,BH-00289-00721,S,Brown,Inactive
722,289,BH-00289-00722,XS,Beige,Active
723,290,BH-00290-00723,L,Black,Active
724,291,BH-00291-00724,M,Green,Active
725,292,BH-00292-00725,XS,Brown,Inactive
726,293,BH-00293-00726,XS,Brown,Active
727,293,BH-00293-00727,M,White,Inactive
728,293,BH-00293-00728,M,Black,Active
729,293,BH-00293-00729,S,Red,Inactive
730,294,BH-00294-00730,M,Beige,Inactive
731,295,BH-00295-00731,XS,Brown,Inactive
732,295,BH-00295-00732,S,Red,Active
733,295,BH-00295-00733,M,Blue,Inactive
734,295,BH-00295-00734,XL,Red,Inactive
735,296,BH-00296-00735,L,Green,Active
736,296,BH-00296-00736,XS,Grey,Active
737,297,BH-00297-00737,XS,Beige,Active
738,298,BH-00298-00738,XL,Black,Active
739,298,BH-00298-00739,M,Blue,Active
740,298,BH-00298-00740,M,Red,Active
741,298,BH-00298-00741,XL,Grey,Active
742,299,BH-00299-00742,XL,Beige,Active
743,299,BH-00299-00743,S,Brown,Active
744,299,BH-00299-00744,S,Red,Inactive
745,299,BH-00299-00745,M,Red,Active
746,300,BH-00300-00746,L,Blue,Active
747,300,BH-00300-00747,S,Blue,Inactive
748,301,BH-00301-00748,XS,Red,Active
749,301,BH-00301-00749,XS,Blue,Active
750,302,BH-00302-00750,L,Beige,Active
751,302,BH-00302-00751,XL,White,Inactive
752,302,BH-00302-00752,M,Brown,Inactive
753,303,BH-00303-00753,S,Green,Inactive
754,303,BH-00303-00754,XL,Beige,Active
755,303,BH-00303-00755,M,Black,Active
756,304,BH-00304-00756,XS,Grey,Inactive
757,304,BH-00304-00757,XL,Red,Active
758,304,BH-00304-00758,XL,Beige,Active
759,304,BH-00304-00759,XL,Black,Active
760,305,BH-00305-00760,XL,Grey,Inactive
761,306,BH-00306-00761,XS,Black,Active
762,306,BH-00306-00762,L,White,Inactive
763,306,BH-00306-00763,S,Red,Active
764,307,BH-00307-00764,M,Black,Active
765,307,BH-00307-00765,L,Beige,Active
766,308,BH-00308-00766,XL,Beige,Active
767,308,BH-00308-00767,XL,Green,Active
768,308,BH-00308-00768,S,Grey,Active
769,308,BH-00308-00769,M,Brown,Active
770,309,BH-00309-00770,S,Green,Active
771,309,BH-00309-00771,XL,Black,Inactive
772,310,BH-00310-00772,XL,Brown,Active
773,310,BH-00310-00773,XL,Green,Inactive
774,310,BH-00310-00774,S,Black,Active
775,310,BH-00310-00775,S,Brown,Active
776,311,BH-00311-00776,S,Green,Active
777,311,BH-00311-00777,XL,Grey,Active
778,312,BH-00312-00778,M,Beige,Active
779,312,BH-00312-00779,XS,Red,Active
780,312,BH-00312-00780,XS,Beige,Inactive
781,312,BH-00312-00781,S,Brown,Active
782,313,BH-00313-00782,L,Blue,Active
783,313,BH-00313-00783,XL,Black,Active
784,314,BH-00314-00784,M,Green,Active
785,314,BH-00314-00785,M,Grey,Active
786,314,BH-00314-00786,XS,Grey,Active
787,314,BH-00314-00787,XS,Red,Inactive
788,315,BH-00315-00788,XS,Black,Active
789,315,BH-00315-00789,M,Beige,Active
790,315,BH-00315-00790,XL,White,Active
791,316,BH-00316-00791,M,White,Active
792,317,BH-00317-00792,XS,Black,Active
793,317,BH-00317-00793,XL,White,Active
794,318,BH-00318-00794,XL,Red,Inactive
795,319,BH-00319-00795,XS,Green,Active
796,320,BH-00320-00796,XL,Beige,Active
797,320,BH-00320-00797,S,Red,Active
798,320,BH-00320-00798,M,Blue,Active
799,320,BH-00320-00799,S,Green,Active
800,321,BH-00321-00800,M,Beige,Active
801,321,BH-00321-00801,XS,White,Active
802,321,BH-00321-00802,M,Blue,Active
803,321,BH-00321-00803,XL,Red,Active
804,322,BH-00322-00804,XL,Brown,Inactive
805,322,BH-00322-00805,XL,Black,Active
806,323,BH-00323-00806,XS,Brown,Inactive
807,324,BH-00324-00807,L,Green,Active
808,325,BH-00325-00808,XL,Green,Active
809,325,BH-00325-00809,S,Brown,Active
810,325,BH-00325-00810,XL,Black,Active
811,325,BH-00325-00811,XL,Blue,Active
812,326,BH-00326-00812,XS,Green,Active
813,326,BH-00326-00813,XS,Beige,Active
814,326,BH-00326-00814,XS,Grey,Inactive
815,326,BH-00326-00815,M,Brown,Active
816,327,BH-00327-00816,L,Brown,Active
817,327,BH-00327-00817,XL,Grey,Active
818,327,BH-00327-00818,XL,Brown,Active
819,327,BH-00327-00819,M,Red,Active
820,328,BH-00328-00820,XL,White,Inactive
821,328,BH-00328-00821,M,Grey,Inactive
822,328,BH-00328-00822,M,Red,Active
823,328,BH-00328-00823,XL,Red,Active
824,329,BH-00329-00824,XS,Red,Active
825,329,BH-00329-00825,XS,Grey,Active
826,330,BH-00330-00826,L,Grey,Active
827,330,BH-00330-00827,XS,Beige,Inactive
828,330,BH-00330-00828,L,Black,Active
829,331,BH-00331-00829,XS,Brown,Active
830,331,BH-00331-00830,S,Beige,Inactive
831,332,BH-00332-00831,S,Green,Active
832,333,BH-00333-00832,XL,Beige,Active
833,333,BH-00333-00833,S,Green,Active
834,333,BH-00333-00834,S,White,Inactive
835,333,BH-00333-00835,XS,White,Active
836,334,BH-00334-00836,M,Blue,Inactive
837,335,BH-00335-00837,M,Grey,Active
838,335,BH-00335-00838,L,White,Active
839,336,BH-00336-00839,XL,Green,Active
840,336,BH-00336-00840,XL,White,Active
841,336,BH-00336-00841,XS,Black,Active
842,336,BH-00336-00842,S,Red,Active
843,337,BH-00337-00843,XL,Brown,Active
844,337,BH-00337-00844,S,Brown,Active
845,337,BH-00337-00845,M,Red,Active
846,338,BH-00338-00846,S,White,Active
847,338,BH-00338-00847,XS,Grey,Active
848,338,BH-00338-00848,M,Brown,Active
849,339,BH-00339-00849,L,Beige,Active
850,339,BH-00339-00850,L,White,Inactive
851,339,BH-00339-00851,XS,Green,Active
852,339,BH-00339-00852,M,Green,Active
853,340,BH-00340-00853,XL,Red,Active
854,340,BH-00340-00854,XL,Black,Active
855,340,BH-00340-00855,M,Red,Inactive
856,341,BH-00341-00856,XL,Black,Active
857,341,BH-00341-00857,M,White,Active
858,342,BH-00342-00858,L,Green,Active
859,342,BH-00342-00859,M,Beige,Active
860,342,BH-00342-00860,M,Red,Inactive
861,343,BH-00343-00861,M,Grey,Active
862,343,BH-00343-00862,XL,Brown,Active
863,344,BH-00344-00863,L,Brown,Inactive
864,344,BH-00344-00864,M,Red,Active
865,344,BH-00344-00865,XS,Brown,Inactive
866,345,BH-00345-00866,S,Blue,Active
867,345,BH-00345-00867,L,Brown,Active
868,345,BH-00345-00868,XL,Beige,Active
869,346,BH-00346-00869,M,Red,Active
870,346,BH-00346-00870,XL,Blue,Active
871,347,BH-00347-00871,L,Red,Active
872,348,BH-00348-00872,S,Green,Active
873,348,BH-00348-00873,S,White,Active
874,348,BH-00348-00874,XS,Blue,Active
875,349,BH-00349-00875,L,White,Inactive
876,350,BH-00350-00876,S,Green,Active
877,350,BH-00350-00877,XS,Beige,Inactive
878,350,BH-00350-00878,XS,Blue,Active
879,351,BH-00351-00879,S,Blue,Active
880,351,BH-00351-00880,XS,Beige,Active
881,352,BH-00352-00881,XS,Grey,Inactive
882,352,BH-00352-00882,XS,Brown,Active
883,352,BH-00352-00883,L,Red,Inactive
884,352,BH-00352-00884,XS,Red,Active
885,353,BH-00353-00885,S,Red,Active
886,354,BH-00354-00886,M,Brown,Active
887,354,BH-00354-00887,XS,Black,Active
888,354,BH-00354-00888,M,White,Inactive
889,355,BH-00355-00889,L,Black,Inactive
890,355,BH-00355-00890,S,Red,Active
891,355,BH-00355-00891,XL,Blue,Active
892,356,BH-00356-00892,S,White,Active
893,356,BH-00356-00893,S,Red,Active
894,357,BH-00357-00894,L,White,Inactive
895,357,BH-00357-00895,S,White,Active
896,358,BH-00358-00896,XS,Black,Active
897,358,BH-00358-00897,L,Blue,Inactive
898,359,BH-00359-00898,XL,White,Active
899,359,BH-00359-00899,L,Black,Inactive
900,360,BH-00360-00900,M,Grey,Active
901,360,BH-00360-00901,XS,Brown,Active
902,361,BH-00361-00902,M,Green,Active
903,361,BH-00361-00903,XL,Brown,Inactive
904,361,BH-00361-00904,M,Brown,Active
905,361,BH-00361-00905,XS,Grey,Active
906,362,BH-00362-00906,M,Red,Active
907,362,BH-00362-00907,M,Green,Inactive
908,362,BH-00362-00908,M,Grey,Inactive
909,363,BH-00363-00909,XS,Grey,Active
910,363,BH-00363-00910,XS,Brown,Active
911,363,BH-00363-00911,XL,Brown,Inactive
912,363,BH-00363-00912,L,Brown,Active
913,364,BH-00364-00913,XS,Blue,Active
914,364,BH-00364-00914,M,Grey,Active
915,364,BH-00364-00915,XL,Green,Active
916,364,BH-00364-00916,XL,Red,Active
917,365,BH-00365-00917,M,Green,Active
918,365,BH-00365-00918,S,White,Active
919,365,BH-00365-00919,XS,Grey,Active
920,365,BH-00365-00920,L,Beige,Inactive
921,366,BH-00366-00921,XS,Brown,Active
922,366,BH-00366-00922,L,Grey,Active
923,367,BH-00367-00923,XS,White,Inactive
924,367,BH-00367-00924,XL,Blue,Inactive
925,367,BH-00367-00925,XL,Brown,Active
926,368,BH-00368-00926,L,Beige,Inactive
927,368,BH-00368-00927,M,White,Inactive
928,369,BH-00369-00928,S,Beige,Active
929,369,BH-00369-00929,S,Black,Active
930,370,BH-00370-00930,M,Grey,Active
931,370,BH-00370-00931,L,Brown,Active
932,370,BH-00370-00932,L,Green,Active
933,370,BH-00370-00933,XL,White,Active
934,371,BH-00371-00934,M,Green,Active
935,372,BH-00372-00935,XL,Black,Active
936,372,BH-00372-00936,S,Beige,Active
937,372,BH-00372-00937,L,Brown,Inactive
938,372,BH-00372-00938,XS,White,Active
939,373,BH-00373-00939,L,White,Active
940,373,BH-00373-00940,S,White,Active
941,374,BH-00374-00941,M,Red,Active
942,375,BH-00375-00942,L,Brown,Active
943,375,BH-00375-00943,L,Grey,Active
944,376,BH-00376-00944,XL,White,Active
945,377,BH-00377-00945,M,White,Inactive
946,377,BH-00377-00946,XS,White,Inactive
947,377,BH-00377-00947,L,Black,Inactive
948,378,BH-00378-00948,XS,Red,Active
949,378,BH-00378-00949,XS,White,Active
950,378,BH-00378-00950,M,White,Active
951,378,BH-00378-00951,XS,Brown,Active
952,379,BH-00379-00952,M,Brown,Active
953,379,BH-00379-00953,S,Green,Active
954,379,BH-00379-00954,XS,Blue,Active
955,379,BH-00379-00955,XS,Black,Inactive
956,380,BH-00380-00956,M,Beige,Active
957,380,BH-00380-00957,M,Brown,Active
958,380,BH-00380-00958,S,Blue,Active
959,381,BH-00381-00959,XS,Brown,Active
960,382,BH-00382-00960,L,White,Active
961,382,BH-00382-00961,S,Beige,Active
962,383,BH-00383-00962,S,Brown,Active
963,383,BH-00383-00963,S,Green,Active
964,383,BH-00383-00964,XL,Brown,Active
965,383,BH-00383-00965,S,Black,Active
966,384,BH-00384-00966,L,Green,Active
967,384,BH-00384-00967,XS,Brown,Active
968,384,BH-00384-00968,XL,Black,Active
969,385,BH-00385-00969,M,Black,Inactive
970,385,BH-00385-00970,XS,Green,Inactive
971,385,BH-00385-00971,L,Black,Inactive
972,385,BH-00385-00972,XS,Grey,Active
973,386,BH-00386-00973,M,Black,Inactive
974,386,BH-00386-00974,S,Blue,Active
975,387,BH-00387-00975,M,Green,Active
976,387,BH-00387-00976,XL,Red,Inactive
977,387,BH-00387-00977,L,Beige,Inactive
978,388,BH-00388-00978,S,Brown,Active
979,388,BH-00388-00979,S,Grey,Active
980,388,BH-00388-00980,M,Brown,Active
981,388,BH-00388-00981,M,Beige,Active
982,389,BH-00389-00982,XL,Beige,Active
983,389,BH-00389-00983,XL,Red,Active
984,389,BH-00389-00984,S,Grey,Active
985,390,BH-00390-00985,XS,Beige,Active
986,390,BH-00390-00986,XS,Green,Active
987,391,BH-00391-00987,XL,Black,Active
988,391,BH-00391-00988,M,Brown,Active
989,391,BH-00391-00989,S,Green,Inactive
990,392,BH-00392-00990,XL,Brown,Active
991,392,BH-00392-00991,S,Brown,Active
992,393,BH-00393-00992,S,Green,Active
993,393,BH-00393-00993,L,Beige,Inactive
994,394,BH-00394-00994,XS,Red,Active
995,394,BH-00394-00995,XL,Grey,Active
996,394,BH-00394-00996,M,Green,Active
997,394,BH-00394-00997,M,Black,Active
998,395,BH-00395-00998,XL,Brown,Inactive
999,395,BH-00395-00999,XS,Brown,Active
1000,396,BH-00396-01000,XL,Brown,Active
1001,396,BH-00396-01001,S,Grey,Active
1002,397,BH-00397-01002,M,Brown,Active
1003,397,BH-00397-01003,L,Grey,Inactive
1004,398,BH-00398-01004,S,Green,Active
1005,398,BH-00398-01005,M,Brown,Inactive
1006,399,BH-00399-01006,L,White,Active
1007,400,BH-00400-01007,S,Beige,Active
1008,401,BH-00401-01008,XS,Grey,Active
1009,401,BH-00401-01009,L,Beige,Active
1010,401,BH-00401-01010,XS,Red,Active
1011,402,BH-00402-01011,XS,Grey,Active
1012,402,BH-00402-01012,S,Black,Inactive
1013,403,BH-00403-01013,XL,Black,Active
1014,403,BH-00403-01014,XL,Green,Active
1015,403,BH-00403-01015,XS,Blue,Inactive
1016,403,BH-00403-01016,XS,Beige,Active
1017,404,BH-00404-01017,XL,Blue,Inactive
1018,404,BH-00404-01018,XS,Blue,Active
1019,404,BH-00404-01019,XS,Black,Active
1020,404,BH-00404-01020,XS,Red,Active
1021,405,BH-00405-01021,XL,Black,Active
1022,406,BH-00406-01022,XS,Green,Inactive
1023,407,BH-00407-01023,M,Black,Inactive
1024,407,BH-00407-01024,XS,Grey,Active
1025,407,BH-00407-01025,XL,Blue,Active
1026,408,BH-00408-01026,M,Beige,Active
1027,408,BH-00408-01027,M,Red,Active
1028,409,BH-00409-01028,XS,Red,Active
1029,409,BH-00409-01029,L,Brown,Active
1030,410,BH-00410-01030,XS,Brown,Active
1031,410,BH-00410-01031,L,Brown,Active
1032,411,BH-00411-01032,XL,Grey,Active
1033,411,BH-00411-01033,XL,Beige,Active
1034,412,BH-00412-01034,L,White,Active
1035,412,BH-00412-01035,M,Grey,Active
1036,412,BH-00412-01036,XL,Black,Active
1037,412,BH-00412-01037,XL,Green,Active
1038,413,BH-00413-01038,S,Green,Active
1039,413,BH-00413-01039,L,Red,Active
1040,414,BH-00414-01040,L,Beige,Active
1041,415,BH-00415-01041,L,Green,Active
1042,415,BH-00415-01042,M,Grey,Active
1043,416,BH-00416-01043,L,Red,Active
1044,417,BH-00417-01044,M,Black,Inactive
1045,417,BH-00417-01045,S,Blue,Active
1046,418,BH-00418-01046,L,Brown,Active
1047,418,BH-00418-01047,XL,Brown,Active
1048,418,BH-00418-01048,M,Black,Inactive
1049,418,BH-00418-01049,XL,Red,Active
1050,419,BH-00419-01050,XS,Green,Active
1051,419,BH-00419-01051,XL,Beige,Active
1052,420,BH-00420-01052,M,Grey,Active
1053,420,BH-00420-01053,XL,Grey,Active
1054,420,BH-00420-01054,XS,Red,Active
1055,420,BH-00420-01055,L,Red,Active
1056,421,BH-00421-01056,S,Red,Active
1057,421,BH-00421-01057,M,Beige,Inactive
1058,421,BH-00421-01058,M,Red,Active
1059,421,BH-00421-01059,XS,Red,Active
1060,422,BH-00422-01060,XS,Green,Active
1061,423,BH-00423-01061,M,Blue,Inactive
1062,423,BH-00423-01062,M,Grey,Active
1063,423,BH-00423-01063,XS,White,Active
1064,424,BH-00424-01064,XS,Black,Inactive
1065,424,BH-00424-01065,XL,White,Active
1066,424,BH-00424-01066,L,White,Active
1067,424,BH-00424-01067,S,Grey,Active
1068,425,BH-00425-01068,S,Brown,Active
1069,425,BH-00425-01069,S,White,Inactive
1070,426,BH-00426-01070,M,White,Inactive
1071,426,BH-00426-01071,M,Brown,Active
1072,426,BH-00426-01072,XL,Brown,Active
1073,426,BH-00426-01073,L,Blue,Active
1074,427,BH-00427-01074,L,Blue,Active
1075,427,BH-00427-01075,M,Brown,Inactive
1076,428,BH-00428-01076,XL,Black,Active
1077,429,BH-00429-01077,L,Grey,Inactive
1078,429,BH-00429-01078,M,Beige,Active
1079,430,BH-00430-01079,S,Green,Active
1080,431,BH-00431-01080,S,Blue,Inactive
1081,431,BH-00431-01081,M,White,Inactive
1082,431,BH-00431-01082,M,Beige,Inactive
1083,431,BH-00431-01083,XL,Green,Inactive
1084,432,BH-00432-01084,S,Black,Active
1085,432,BH-00432-01085,L,Green,Active
1086,432,BH-00432-01086,M,White,Active
1087,432,BH-00432-01087,M,Grey,Active
1088,433,BH-00433-01088,L,Grey,Inactive
1089,433,BH-00433-01089,S,Red,Active
1090,434,BH-00434-01090,XS,Red,Active
1091,434,BH-00434-01091,M,Brown,Inactive
1092,434,BH-00434-01092,M,Black,Active
1093,435,BH-00435-01093,L,Beige,Active
1094,436,BH-00436-01094,XS,Beige,Active
1095,437,BH-00437-01095,XS,Blue,Active
1096,438,BH-00438-01096,S,Grey,Active
1097,438,BH-00438-01097,XS,Black,Inactive
1098,438,BH-00438-01098,M,Brown,Active
1099,438,BH-00438-01099,XS,Brown,Active
1100,439,BH-00439-01100,M,Green,Active
1101,440,BH-00440-01101,L,Red,Active
1102,440,BH-00440-01102,XS,Red,Inactive
1103,441,BH-00441-01103,XL,White,Active
1104,441,BH-00441-01104,M,White,Active
1105,441,BH-00441-01105,XL,Blue,Active
1106,442,BH-00442-01106,XS,Beige,Active
1107,442,BH-00442-01107,XL,Grey,Active
1108,442,BH-00442-01108,L,White,Active
1109,443,BH-00443-01109,XL,Brown,Active
1110,443,BH-00443-01110,M,Blue,Inactive
1111,443,BH-00443-01111,M,Brown,Active
1112,443,BH-00443-01112,L,White,Active
1113,444,BH-00444-01113,XS,Blue,Active
1114,445,BH-00445-01114,S,Black,Active
1115,445,BH-00445-01115,M,Green,Active
1116,445,BH-00445-01116,S,Green,Active
1117,446,BH-00446-01117,M,Brown,Active
1118,446,BH-00446-01118,L,Black,Active
1119,446,BH-00446-01119,XL,Red,Active
1120,446,BH-00446-01120,L,Grey,Active
1121,447,BH-00447-01121,XS,Brown,Active
1122,448,BH-00448-01122,M,White,Active
1123,448,BH-00448-01123,XS,White,Active
1124,448,BH-00448-01124,XL,Green,Inactive
1125,449,BH-00449-01125,S,Green,Inactive
1126,449,BH-00449-01126,M,Black,Active
1127,450,BH-00450-01127,M,Beige,Active
1128,450,BH-00450-01128,XS,Brown,Inactive
1129,450,BH-00450-01129,L,Beige,Active
1130,450,BH-00450-01130,XL,White,Inactive
1131,451,BH-00451-01131,M,Brown,Active
1132,452,BH-00452-01132,XL,Black,Active
1133,453,BH-00453-01133,L,Red,Active
1134,453,BH-00453-01134,L,Green,Active
1135,453,BH-00453-01135,XS,Grey,Active
1136,453,BH-00453-01136,L,Black,Active
1137,454,BH-00454-01137,XS,Brown,Active
1138,454,BH-00454-01138,M,Grey,Active
1139,454,BH-00454-01139,M,Blue,Inactive
1140,455,BH-00455-01140,XS,Grey,Active
1141,455,BH-00455-01141,S,Beige,Active
1142,455,BH-00455-01142,S,White,Active
1143,455,BH-00455-01143,M,Green,Inactive
1144,456,BH-00456-01144,L,Black,Active
1145,456,BH-00456-01145,XL,Brown,Active
1146,456,BH-00456-01146,S,White,Inactive
1147,457,BH-00457-01147,S,Green,Active
1148,457,BH-00457-01148,M,Beige,Active
1149,457,BH-00457-01149,S,Black,Active
1150,457,BH-00457-01150,L,Beige,Active
1151,458,BH-00458-01151,M,Black,Active
1152,459,BH-00459-01152,XL,Blue,Active
1153,459,BH-00459-01153,XS,Red,Active
1154,459,BH-00459-01154,L,Brown,Active
1155,460,BH-00460-01155,M,Blue,Active
1156,460,BH-00460-01156,XL,Grey,Active
1157,461,BH-00461-01157,XL,Black,Active
1158,461,BH-00461-01158,XL,Beige,Active
1159,462,BH-00462-01159,XS,Black,Active
1160,462,BH-00462-01160,XL,Grey,Active
1161,462,BH-00462-01161,S,White,Active
1162,463,BH-00463-01162,XS,Grey,Active
1163,464,BH-00464-01163,M,Blue,Active
1164,465,BH-00465-01164,S,Red,Active
1165,466,BH-00466-01165,M,Green,Active
1166,466,BH-00466-01166,S,Red,Active
1167,467,BH-00467-01167,L,Blue,Active
1168,467,BH-00467-01168,S,Grey,Inactive
1169,467,BH-00467-01169,XS,Red,Active
1170,468,BH-00468-01170,S,Blue,Active
1171,468,BH-00468-01171,S,Red,Inactive
1172,469,BH-00469-01172,XS,Red,Inactive
1173,469,BH-00469-01173,M,White,Active
1174,469,BH-00469-01174,XS,Black,Active
1175,469,BH-00469-01175,M,Brown,Active
1176,470,BH-00470-01176,M,Grey,Active
1177,470,BH-00470-01177,XS,Brown,Inactive
1178,470,BH-00470-01178,XL,Blue,Active
1179,470,BH-00470-01179,XL,Green,Active
1180,471,BH-00471-01180,XL,Blue,Inactive
1181,471,BH-00471-01181,L,Green,Active
1182,471,BH-00471-01182,S,Beige,Inactive
1183,471,BH-00471-01183,XL,Grey,Active
1184,472,BH-00472-01184,M,Beige,Active
1185,472,BH-00472-01185,M,White,Inactive
1186,473,BH-00473-01186,XS,Beige,Active
1187,473,BH-00473-01187,XS,Black,Active
1188,474,BH-00474-01188,XL,Green,Active
1189,475,BH-00475-01189,M,White,Inactive
1190,476,BH-00476-01190,M,Black,Active
1191,476,BH-00476-01191,S,Black,Active
1192,477,BH-00477-01192,XL,Blue,Inactive
1193,477,BH-00477-01193,M,Black,Active
1194,477,BH-00477-01194,M,Red,Active
1195,477,BH-00477-01195,XL,Grey,Active
1196,478,BH-00478-01196,XL,Beige,Active
1197,478,BH-00478-01197,XL,Green,Active
1198,478,BH-00478-01198,XL,White,Active
1199,478,BH-00478-01199,XS,Blue,Active
1200,479,BH-00479-01200,XL,Red,Active
1201,479,BH-00479-01201,M,Beige,Inactive
1202,479,BH-00479-01202,S,White,Active
1203,479,BH-00479-01203,XS,Red,Active
1204,480,BH-00480-01204,S,Grey,Active
1205,480,BH-00480-01205,M,White,Active
1206,480,BH-00480-01206,L,Blue,Active
1207,481,BH-00481-01207,S,Red,Active
1208,481,BH-00481-01208,S,Grey,Active
1209,481,BH-00481-01209,M,Grey,Active
1210,482,BH-00482-01210,XL,Black,Active
1211,483,BH-00483-01211,S,Black,Inactive
1212,483,BH-00483-01212,M,Blue,Active
1213,484,BH-00484-01213,M,Red,Active
1214,485,BH-00485-01214,XL,White,Active
1215,486,BH-00486-01215,S,White,Active
1216,486,BH-00486-01216,XL,Beige,Inactive
1217,486,BH-00486-01217,S,Green,Active
1218,487,BH-00487-01218,M,Grey,Active
1219,487,BH-00487-01219,XL,Red,Active
1220,487,BH-00487-01220,M,White,Active
1221,488,BH-00488-01221,XL,Green,Inactive
1222,488,BH-00488-01222,XS,Red,Active
1223,488,BH-00488-01223,S,Black,Active
1224,489,BH-00489-01224,L,Blue,Active
1225,489,BH-00489-01225,XS,Beige,Active
1226,489,BH-00489-01226,L,White,Active
1227,489,BH-00489-01227,S,Brown,Active
1228,490,BH-00490-01228,S,Blue,Active
1229,490,BH-00490-01229,XL,Red,Active
1230,491,BH-00491-01230,XL,Blue,Active
1231,491,BH-00491-01231,S,Blue,Active
1232,492,BH-00492-01232,XS,White,Active
1233,492,BH-00492-01233,S,Brown,Active
1234,492,BH-00492-01234,XL,Blue,Inactive
1235,493,BH-00493-01235,M,Brown,Active
1236,494,BH-00494-01236,S,Black,Inactive
1237,494,BH-00494-01237,XS,Brown,Active
1238,494,BH-00494-01238,XL,Red,Inactive
1239,494,BH-00494-01239,XS,Red,Active
1240,495,BH-00495-01240,L,Brown,Inactive
1241,495,BH-00495-01241,S,Black,Inactive
1242,495,BH-00495-01242,M,Black,Inactive
1243,495,BH-00495-01243,XL,Red,Inactive
1244,496,BH-00496-01244,XS,Blue,Active
1245,497,BH-00497-01245,XS,Grey,Inactive
1246,498,BH-00498-01246,L,Brown,Active
1247,498,BH-00498-01247,M,Brown,Active
1248,498,BH-00498-01248,XS,Brown,Active
1249,499,BH-00499-01249,M,Brown,Active
1250,499,BH-00499-01250,L,Red,Active
1251,499,BH-00499-01251,S,Beige,Active
1252,499,BH-00499-01252,XL,Red,Active
1253,500,BH-00500-01253,XS,Blue,Inactive
1254,500,BH-00500-01254,XL,Beige,Active
1255,500,BH-00500-01255,L,Blue,Active
1256,500,BH-00500-01256,M,Black,Active
